gene_id,gene,module,kTotal_output
ENSG00000001629.9,ANKIB1,34,186.1476472
ENSG00000003056.7,M6PR,34,204.5298549
ENSG00000004487.15,KDM1A,34,218.6954575
ENSG00000004975.11,DVL2,34,217.0968375
ENSG00000005194.14,CIAPIN1,34,172.8545137
ENSG00000005700.14,IBTK,34,180.0260643
ENSG00000005810.17,MYCBP2,34,179.500956
ENSG00000006194.9,ZNF263,34,217.2906025
ENSG00000006530.15,AGK,34,199.0213225
ENSG00000006695.10,COX10,34,205.0855849
ENSG00000006744.18,ELAC2,34,193.1609116
ENSG00000007202.14,KIAA0100,34,170.4251722
ENSG00000007923.15,DNAJC11,34,216.2947531
ENSG00000008838.19,MED24,34,186.9264553
ENSG00000009780.15,FAM76A,34,190.7671166
ENSG00000009954.10,BAZ1B,34,248.0142942
ENSG00000010244.18,ZNF207,34,165.1378564
ENSG00000010322.15,NISCH,34,172.8741565
ENSG00000011295.15,TTC19,34,159.0274282
ENSG00000011304.19,PTBP1,34,193.6663003
ENSG00000013523.9,ANGEL1,34,174.8379976
ENSG00000015133.18,CCDC88C,34,209.9422428
ENSG00000015171.19,ZMYND11,34,165.3158906
ENSG00000015676.17,NUDCD3,34,230.0944275
ENSG00000023516.8,AKAP11,34,183.7111096
ENSG00000025800.13,KPNA6,34,166.0975847
ENSG00000028310.17,BRD9,34,280.7936854
ENSG00000029725.16,RABEP1,34,217.0326938
ENSG00000030066.13,NUP160,34,241.5698871
ENSG00000031823.14,RANBP3,34,177.3719433
ENSG00000033050.7,ABCF2,34,207.0474159
ENSG00000035141.7,FAM136A,34,163.1095226
ENSG00000035928.15,RFC1,34,257.8264078
ENSG00000036549.12,ZZZ3,34,173.6340671
ENSG00000037474.14,NSUN2,34,218.6509118
ENSG00000038358.14,EDC4,34,233.1830316
ENSG00000039123.15,SKIV2L2,34,172.9616773
ENSG00000041802.10,LSG1,34,228.3555629
ENSG00000042088.13,TDP1,34,190.524314
ENSG00000048991.16,R3HDM1,34,197.8224427
ENSG00000050426.15,LETMD1,34,216.1719867
ENSG00000050748.17,MAPK9,34,195.5096252
ENSG00000052841.14,TTC17,34,228.2367247
ENSG00000055130.15,CUL1,34,227.6793902
ENSG00000061936.9,SFSWAP,34,160.3690471
ENSG00000062485.18,CS,34,180.1555223
ENSG00000063046.17,EIF4B,34,186.6883384
ENSG00000063244.12,U2AF2,34,181.5260725
ENSG00000063978.15,RNF4,34,186.9533482
ENSG00000064313.11,TAF2,34,200.9471389
ENSG00000064607.16,SUGP2,34,205.3895414
ENSG00000064726.9,BTBD1,34,192.0354444
ENSG00000065029.14,ZNF76,34,197.9971764
ENSG00000065150.18,IPO5,34,220.3555389
ENSG00000065427.14,KARS,34,181.1552404
ENSG00000066044.14,ELAVL1,34,239.9714783
ENSG00000066117.14,SMARCD1,34,184.9463181
ENSG00000066654.13,THUMPD1,34,178.9418423
ENSG00000067955.13,CBFB,34,159.5067433
ENSG00000068796.16,KIF2A,34,161.5665756
ENSG00000069248.11,NUP133,34,210.1560757
ENSG00000069275.12,NUCKS1,34,158.8405619
ENSG00000070047.11,PHRF1,34,197.587233
ENSG00000070061.14,IKBKAP,34,231.4424776
ENSG00000070770.8,CSNK2A2,34,212.2237319
ENSG00000070814.17,TCOF1,34,168.1535196
ENSG00000071462.11,WBSCR22,34,204.38273
ENSG00000071626.16,DAZAP1,34,215.6258312
ENSG00000071994.10,PDCD2,34,166.8965383
ENSG00000073584.18,SMARCE1,34,207.8045916
ENSG00000075711.20,DLG1,34,209.5781801
ENSG00000075856.11,SART3,34,290.1028012
ENSG00000076242.14,MLH1,34,164.2898114
ENSG00000076321.10,KLHL20,34,212.3404457
ENSG00000077097.15,TOP2B,34,175.8580079
ENSG00000077232.17,DNAJC10,34,163.7124867
ENSG00000078070.12,MCCC1,34,181.363806
ENSG00000078403.16,MLLT10,34,183.4508195
ENSG00000078808.16,SDF4,34,159.4309304
ENSG00000079134.11,THOC1,34,187.5992385
ENSG00000079974.17,RABL2B,34,191.2041408
ENSG00000081791.8,KIAA0141,34,224.6137229
ENSG00000083097.14,DOPEY1,34,163.6774925
ENSG00000083544.13,TDRD3,34,178.1836795
ENSG00000084463.7,WBP11,34,177.4432111
ENSG00000084652.15,TXLNA,34,205.3562061
ENSG00000085377.13,PREP,34,196.8203659
ENSG00000085511.19,MAP3K4,34,264.347241
ENSG00000085721.12,RRN3,34,193.9083276
ENSG00000085760.14,MTIF2,34,170.0265573
ENSG00000085788.13,DDHD2,34,167.6157357
ENSG00000085978.21,ATG16L1,34,159.5562444
ENSG00000085998.13,POMGNT1,34,193.2829173
ENSG00000086102.18,NFX1,34,281.3108111
ENSG00000086189.9,DIMT1,34,228.6387442
ENSG00000087263.16,OGFOD1,34,187.0248802
ENSG00000087269.15,NOP14,34,236.6846079
ENSG00000087470.17,DNM1L,34,209.862954
ENSG00000088205.12,DDX18,34,251.5259651
ENSG00000088247.17,KHSRP,34,215.3153898
ENSG00000088876.11,ZNF343,34,169.0267622
ENSG00000089006.16,SNX5,34,187.9091628
ENSG00000089022.13,MAPKAPK5,34,220.3319214
ENSG00000089053.12,ANAPC5,34,171.9354185
ENSG00000089094.18,KDM2B,34,206.072092
ENSG00000089154.10,GCN1,34,245.0765667
ENSG00000090470.14,PDCD7,34,254.7196406
ENSG00000090615.14,GOLGA3,34,186.5898108
ENSG00000090905.18,TNRC6A,34,189.1261037
ENSG00000092201.9,SUPT16H,34,209.6469409
ENSG00000092439.13,TRPM7,34,212.1902731
ENSG00000094880.10,CDC23,34,228.0719913
ENSG00000095319.14,NUP188,34,168.1609872
ENSG00000099821.13,POLRMT,34,203.4568677
ENSG00000099899.14,TRMT2A,34,190.2855858
ENSG00000099904.15,ZDHHC8,34,191.8376201
ENSG00000099949.18,LZTR1,34,166.4669759
ENSG00000100023.18,PPIL2,34,233.2026059
ENSG00000100099.20,HPS4,34,175.0411756
ENSG00000100105.17,PATZ1,34,177.9316389
ENSG00000100138.13,SNU13,34,195.4487091
ENSG00000100150.16,DEPDC5,34,231.0540382
ENSG00000100324.13,TAB1,34,164.731787
ENSG00000100353.17,EIF3D,34,185.5803965
ENSG00000100395.14,L3MBTL2,34,219.869093
ENSG00000100403.11,ZC3H7B,34,233.6918339
ENSG00000100726.14,TELO2,34,160.3666086
ENSG00000100796.17,PPP4R3A,34,196.2510709
ENSG00000101019.21,UQCC1,34,193.6308276
ENSG00000101158.13,NELFCD,34,229.8824603
ENSG00000101166.15,PRELID3B,34,159.5593132
ENSG00000101266.17,CSNK2A1,34,196.9844491
ENSG00000101361.16,NOP56,34,172.5451965
ENSG00000101365.20,IDH3B,34,165.9381423
ENSG00000101391.20,CDK5RAP1,34,256.8179739
ENSG00000101442.9,ACTR5,34,195.3087872
ENSG00000101452.14,DHX35,34,192.2878323
ENSG00000101557.14,USP14,34,159.5798601
ENSG00000102753.9,KPNA3,34,165.3920306
ENSG00000102974.14,CTCF,34,163.2476001
ENSG00000103018.16,CYB5B,34,198.4776485
ENSG00000103047.7,TANGO6,34,175.2660451
ENSG00000103064.13,SLC7A6,34,179.8260233
ENSG00000103091.14,WDR59,34,189.6099136
ENSG00000103275.19,UBE2I,34,180.7120509
ENSG00000103423.13,DNAJA3,34,251.0948706
ENSG00000103932.11,RPAP1,34,174.5714024
ENSG00000104228.12,TRIM35,34,164.8905012
ENSG00000104299.14,INTS9,34,205.9306616
ENSG00000104365.13,IKBKB,34,176.4534168
ENSG00000104980.7,TIMM44,34,162.6505843
ENSG00000105127.8,AKAP8,34,231.0717086
ENSG00000105176.17,URI1,34,238.9595145
ENSG00000105197.10,TIMM50,34,165.9749253
ENSG00000105298.13,CACTIN,34,222.0746323
ENSG00000105576.15,TNPO2,34,165.2422734
ENSG00000105618.13,PRPF31,34,171.336846
ENSG00000105726.16,ATP13A1,34,184.8346302
ENSG00000105819.13,PMPCB,34,180.1600963
ENSG00000105821.14,DNAJC2,34,174.0429408
ENSG00000106100.10,NOD1,34,173.5116128
ENSG00000106344.8,RBM28,34,212.0566879
ENSG00000106609.16,TMEM248,34,192.3779102
ENSG00000106723.16,SPIN1,34,169.8796688
ENSG00000107164.15,FUBP3,34,183.9531532
ENSG00000107404.19,DVL1,34,181.4716013
ENSG00000107581.12,EIF3A,34,172.8307398
ENSG00000107625.12,DDX50,34,181.1563968
ENSG00000107651.12,SEC23IP,34,191.0070629
ENSG00000107672.14,NSMCE4A,34,167.5289961
ENSG00000107937.18,GTPBP4,34,249.5151584
ENSG00000107951.14,MTPAP,34,170.6753194
ENSG00000108021.19,FAM208B,34,161.7539512
ENSG00000108433.16,GOSR2,34,159.4073297
ENSG00000108443.13,RPS6KB1,34,190.8449322
ENSG00000108559.11,NUP88,34,169.7002672
ENSG00000108578.14,BLMH,34,186.2079742
ENSG00000108591.9,DRG2,34,233.8912361
ENSG00000109065.11,NAT9,34,165.4948426
ENSG00000109606.12,DHX15,34,215.1354236
ENSG00000109917.10,ZPR1,34,211.9115278
ENSG00000109920.12,FNBP4,34,191.0049935
ENSG00000110048.11,OSBP,34,211.8894797
ENSG00000110107.8,PRPF19,34,163.7049251
ENSG00000110108.9,TMEM109,34,176.1385765
ENSG00000110583.12,NAA40,34,197.824626
ENSG00000111203.11,ITFG2,34,224.9342479
ENSG00000111300.9,NAA25,34,198.487176
ENSG00000111358.13,GTF2H3,34,168.136356
ENSG00000111361.12,EIF2B1,34,213.15665
ENSG00000111364.15,DDX55,34,228.5771336
ENSG00000111530.12,CAND1,34,252.9546546
ENSG00000111596.11,CNOT2,34,250.249914
ENSG00000111605.16,CPSF6,34,203.956131
ENSG00000111667.13,USP5,34,159.9124664
ENSG00000112159.11,MDN1,34,161.1203825
ENSG00000112249.13,ASCC3,34,163.8678477
ENSG00000112365.4,ZBTB24,34,190.2502304
ENSG00000112685.13,EXOC2,34,189.4136456
ENSG00000112992.16,NNT,34,179.473738
ENSG00000112996.10,MRPS30,34,208.1393974
ENSG00000113013.12,HSPA9,34,202.6891384
ENSG00000113048.16,MRPS27,34,269.0442187
ENSG00000113360.16,DROSHA,34,204.5527986
ENSG00000113456.18,RAD1,34,167.0308249
ENSG00000113522.13,RAD50,34,193.5791431
ENSG00000113569.15,NUP155,34,196.8317151
ENSG00000113649.11,TCERG1,34,231.9701335
ENSG00000113716.12,HMGXB3,34,179.7912026
ENSG00000113812.13,ACTR8,34,173.2787638
ENSG00000113838.12,TBCCD1,34,175.681406
ENSG00000114062.18,UBE3A,34,193.6026744
ENSG00000114503.10,NCBP2,34,273.162244
ENSG00000114544.16,SLC41A3,34,179.9357624
ENSG00000114982.17,KANSL3,34,175.4609135
ENSG00000115053.15,NCL,34,185.0873293
ENSG00000115073.7,ACTR1B,34,180.4708712
ENSG00000115207.13,GTF3C2,34,188.4496594
ENSG00000115211.15,EIF2B4,34,161.6804448
ENSG00000115241.10,PPM1G,34,164.8243974
ENSG00000115275.11,MOGS,34,205.1366143
ENSG00000115282.19,TTC31,34,229.0102161
ENSG00000115365.11,LANCL1,34,164.7542755
ENSG00000115368.9,WDR75,34,192.7722455
ENSG00000115419.12,GLS,34,175.4455824
ENSG00000115568.15,ZNF142,34,184.5717118
ENSG00000115694.14,STK25,34,224.9855438
ENSG00000115761.15,NOL10,34,193.7055204
ENSG00000115806.12,GORASP2,34,230.4329817
ENSG00000115825.9,PRKD3,34,168.7545343
ENSG00000115827.13,DCAF17,34,200.4224663
ENSG00000116455.13,WDR77,34,173.0152467
ENSG00000116478.11,HDAC1,34,182.6258738
ENSG00000116521.10,SCAMP3,34,161.0803416
ENSG00000116560.10,SFPQ,34,207.0485657
ENSG00000116750.13,UCHL5,34,175.0629776
ENSG00000116754.13,SRSF11,34,160.3615763
ENSG00000117385.15,P3H1,34,196.0974041
ENSG00000117640.17,MTFR1L,34,169.6513404
ENSG00000117682.16,DHDDS,34,166.768695
ENSG00000117868.15,ESYT2,34,217.3228374
ENSG00000117899.10,MESDC2,34,205.1819831
ENSG00000119041.10,GTF3C3,34,162.1501824
ENSG00000119231.10,SENP5,34,165.3688422
ENSG00000119285.10,HEATR1,34,167.5235208
ENSG00000119335.16,SET,34,202.1757884
ENSG00000119688.20,ABCD4,34,208.4735795
ENSG00000119689.14,DLST,34,249.5134054
ENSG00000119760.15,SUPT7L,34,261.1953802
ENSG00000119977.20,TCTN3,34,180.4240715
ENSG00000120008.15,WDR11,34,177.2532219
ENSG00000120029.12,C10orf76,34,222.2331007
ENSG00000120314.18,WDR55,34,173.1434214
ENSG00000120686.11,UFM1,34,166.7568802
ENSG00000120798.16,NR2C1,34,165.0535976
ENSG00000120948.16,TARDBP,34,242.7130237
ENSG00000120963.11,ZNF706,34,161.3740041
ENSG00000121057.12,AKAP1,34,176.5406875
ENSG00000121671.11,CRY2,34,215.8425866
ENSG00000121774.17,KHDRBS1,34,220.3031893
ENSG00000121892.14,PDS5A,34,267.6854152
ENSG00000122068.12,FYTTD1,34,174.8138654
ENSG00000122965.10,RBM19,34,199.0591135
ENSG00000123064.12,DDX54,34,182.9936048
ENSG00000123124.13,WWP1,34,182.6826382
ENSG00000123607.14,TTC21B,34,167.3808689
ENSG00000123737.12,EXOSC9,34,183.3932972
ENSG00000124193.14,SRSF6,34,205.7360505
ENSG00000124198.8,ARFGEF2,34,170.4440954
ENSG00000124532.14,MRS2,34,208.841487
ENSG00000124541.6,RRP36,34,162.8009024
ENSG00000124571.17,XPO5,34,248.0997546
ENSG00000124574.14,ABCC10,34,167.770836
ENSG00000124608.4,AARS2,34,181.3152521
ENSG00000124784.8,RIOK1,34,218.27857
ENSG00000125755.18,SYMPK,34,168.2060728
ENSG00000125944.18,HNRNPR,34,232.2919069
ENSG00000126001.15,CEP250,34,164.8827349
ENSG00000126226.21,PCID2,34,204.9110912
ENSG00000126261.12,UBA2,34,218.2262702
ENSG00000126698.10,DNAJC8,34,173.7036387
ENSG00000127054.20,INTS11,34,179.7940402
ENSG00000127334.10,DYRK2,34,167.8326031
ENSG00000127463.13,EMC1,34,165.2108028
ENSG00000127483.17,HP1BP3,34,165.9849467
ENSG00000127804.12,METTL16,34,184.779489
ENSG00000127837.9,AAMP,34,165.9151784
ENSG00000127980.15,PEX1,34,169.6040435
ENSG00000128159.11,TUBGCP6,34,169.1234474
ENSG00000128463.12,EMC4,34,161.7109009
ENSG00000128563.13,PRKRIP1,34,192.8111377
ENSG00000128789.20,PSMG2,34,160.5541138
ENSG00000128908.15,INO80,34,242.4719154
ENSG00000128915.11,ICE2,34,182.2760274
ENSG00000128928.8,IVD,34,170.1145461
ENSG00000129003.15,VPS13C,34,177.8713656
ENSG00000129103.17,SUMF2,34,189.2633161
ENSG00000129187.14,DCTD,34,248.0222059
ENSG00000129197.14,RPAIN,34,215.4544855
ENSG00000129347.19,KRI1,34,200.0264482
ENSG00000129351.17,ILF3,34,227.266538
ENSG00000130024.14,PHF10,34,202.7535106
ENSG00000130348.11,QRSL1,34,161.8235136
ENSG00000130414.11,NDUFA10,34,194.8488392
ENSG00000130559.18,CAMSAP1,34,162.3721815
ENSG00000130638.16,ATXN10,34,192.3648009
ENSG00000130713.15,EXOSC2,34,212.8174187
ENSG00000130803.14,ZNF317,34,189.3195229
ENSG00000130810.19,PPAN,34,170.3055553
ENSG00000130935.9,NOL11,34,161.2709827
ENSG00000131368.7,MRPS25,34,192.9502734
ENSG00000131778.18,CHD1L,34,161.4459041
ENSG00000131844.15,MCCC2,34,199.1085347
ENSG00000131876.16,SNRPA1,34,171.1973123
ENSG00000131899.10,LLGL1,34,206.6576817
ENSG00000132128.16,LRRC41,34,163.3709423
ENSG00000132153.14,DHX30,34,273.5250305
ENSG00000132182.11,NUP210,34,178.1228595
ENSG00000132254.12,ARFIP2,34,176.4169404
ENSG00000132286.11,TIMM10B,34,224.2520932
ENSG00000132300.18,PTCD3,34,282.8406724
ENSG00000132305.20,IMMT,34,179.2606757
ENSG00000132323.8,ILKAP,34,165.7002038
ENSG00000132361.16,CLUH,34,170.8605152
ENSG00000132382.14,MYBBP1A,34,164.1361206
ENSG00000132463.13,GRSF1,34,182.0444028
ENSG00000132478.9,UNK,34,263.3629324
ENSG00000132600.16,PRMT7,34,171.426954
ENSG00000132604.10,TERF2,34,199.8387079
ENSG00000132612.15,VPS4A,34,164.4807984
ENSG00000132670.20,PTPRA,34,194.3585736
ENSG00000132676.15,DAP3,34,225.8452962
ENSG00000132680.10,KIAA0907,34,168.0875518
ENSG00000132773.11,TOE1,34,165.8880814
ENSG00000132781.17,MUTYH,34,187.8992522
ENSG00000132953.16,XPO4,34,209.0855811
ENSG00000133030.20,MPRIP,34,228.9141299
ENSG00000133706.17,LARS,34,200.3257421
ENSG00000133895.14,MEN1,34,201.6733547
ENSG00000134283.17,PPHLN1,34,262.8900971
ENSG00000134308.13,YWHAQ,34,184.3675764
ENSG00000134697.12,GNL2,34,182.034395
ENSG00000134759.13,ELP2,34,228.0435443
ENSG00000134900.11,TPP2,34,248.3512971
ENSG00000134987.11,WDR36,34,178.9831517
ENSG00000135040.15,NAA35,34,169.4809149
ENSG00000135108.14,FBXO21,34,196.614864
ENSG00000135249.7,RINT1,34,198.7219686
ENSG00000135297.15,MTO1,34,193.454032
ENSG00000135316.17,SYNCRIP,34,257.8501583
ENSG00000135372.8,NAT10,34,198.4638178
ENSG00000135387.20,CAPRIN1,34,216.6649873
ENSG00000135473.14,PAN2,34,161.5717471
ENSG00000135597.18,REPS1,34,186.6194438
ENSG00000135775.13,COG2,34,176.3923962
ENSG00000135829.16,DHX9,34,165.8157671
ENSG00000135945.9,REV1,34,195.811932
ENSG00000135966.12,TGFBRAP1,34,202.6332145
ENSG00000136045.11,PWP1,34,228.971206
ENSG00000136152.14,COG3,34,192.0487817
ENSG00000136169.16,SETDB2,34,201.7573037
ENSG00000136270.13,TBRG4,34,232.7929315
ENSG00000136271.10,DDX56,34,199.8365035
ENSG00000136444.9,RSAD1,34,236.1094071
ENSG00000136485.14,DCAF7,34,160.7718563
ENSG00000136628.17,EPRS,34,172.2934116
ENSG00000136699.19,SMPD4,34,246.0564916
ENSG00000136709.11,WDR33,34,229.1231933
ENSG00000136811.16,ODF2,34,161.3217412
ENSG00000136875.12,PRPF4,34,185.6362584
ENSG00000136891.13,TEX10,34,245.2281453
ENSG00000136937.12,NCBP1,34,234.4803435
ENSG00000136986.9,DERL1,34,193.9502998
ENSG00000137200.12,CMTR1,34,160.9218735
ENSG00000137221.14,TJAP1,34,256.4736626
ENSG00000137522.17,RNF121,34,198.079903
ENSG00000137656.11,BUD13,34,167.9865935
ENSG00000137770.13,CTDSPL2,34,186.441355
ENSG00000137802.13,MAPKBP1,34,184.8675094
ENSG00000137822.12,TUBGCP4,34,159.477575
ENSG00000138074.14,SLC5A6,34,176.5440679
ENSG00000138095.18,LRPPRC,34,231.3913874
ENSG00000138138.13,ATAD1,34,163.1227101
ENSG00000138614.14,INTS14,34,209.1106014
ENSG00000138750.14,NUP54,34,215.3844569
ENSG00000139645.9,ANKRD52,34,185.4535795
ENSG00000139990.17,DCAF5,34,159.3927616
ENSG00000140262.17,TCF12,34,184.0799658
ENSG00000140320.11,BAHD1,34,184.9099598
ENSG00000140326.12,CDAN1,34,171.2536372
ENSG00000140367.11,UBE2Q2,34,175.6210331
ENSG00000140382.14,HMG20A,34,237.7238779
ENSG00000140474.12,ULK3,34,183.669282
ENSG00000140521.12,POLG,34,186.5538575
ENSG00000140598.13,EFL1,34,176.5840878
ENSG00000140688.16,C16orf58,34,197.6901992
ENSG00000140750.16,ARHGAP17,34,175.9969744
ENSG00000140829.11,DHX38,34,179.0093098
ENSG00000140943.16,MBTPS1,34,249.810427
ENSG00000141076.17,UTP4,34,173.7216519
ENSG00000141101.12,NOB1,34,176.0392761
ENSG00000141127.14,PRPSAP2,34,207.3635081
ENSG00000141380.13,SS18,34,225.6288141
ENSG00000141385.9,AFG3L2,34,171.0156101
ENSG00000141456.14,PELP1,34,179.3552814
ENSG00000141569.10,TRIM65,34,183.8423276
ENSG00000141644.17,MBD1,34,170.8154354
ENSG00000142002.16,DPP9,34,210.2159418
ENSG00000142188.16,TMEM50B,34,162.8777577
ENSG00000142230.11,SAE1,34,193.6857468
ENSG00000142330.19,CAPN10,34,175.9912377
ENSG00000142751.14,GPN2,34,172.5851944
ENSG00000142864.14,SERBP1,34,245.0445844
ENSG00000143093.14,STRIP1,34,190.5617711
ENSG00000143157.11,POGK,34,198.7863283
ENSG00000143374.16,TARS2,34,190.3058197
ENSG00000143390.17,RFX5,34,232.7976707
ENSG00000143393.16,PI4KB,34,172.2807213
ENSG00000143436.10,MRPL9,34,159.516183
ENSG00000143499.13,SMYD2,34,161.0809149
ENSG00000143748.17,NVL,34,243.0283496
ENSG00000143799.12,PARP1,34,164.2838677
ENSG00000144021.2,CIAO1,34,174.3874252
ENSG00000144028.14,SNRNP200,34,182.9360766
ENSG00000144231.10,POLR2D,34,169.3349496
ENSG00000144524.17,COPS7B,34,249.9551166
ENSG00000144580.13,CNOT9,34,246.4721963
ENSG00000144840.8,RABL3,34,163.9083906
ENSG00000145041.15,DCAF1,34,206.4705678
ENSG00000145191.12,EIF2B5,34,305.1737875
ENSG00000145241.10,CENPC,34,163.2256728
ENSG00000145293.15,ENOPH1,34,171.1057137
ENSG00000145833.15,DDX46,34,175.1022847
ENSG00000145907.14,G3BP1,34,243.1411826
ENSG00000145996.11,CDKAL1,34,207.087801
ENSG00000146223.14,RPL7L1,34,183.5926709
ENSG00000146433.8,TMEM181,34,159.6712003
ENSG00000146463.11,ZMYM4,34,183.2020047
ENSG00000146731.10,CCT6A,34,180.6621883
ENSG00000146909.7,NOM1,34,222.0910826
ENSG00000146963.17,LUC7L2,34,205.2586847
ENSG00000147316.12,MCPH1,34,223.4505256
ENSG00000147854.16,UHRF2,34,165.870026
ENSG00000147955.16,SIGMAR1,34,164.3411066
ENSG00000148187.17,MRRF,34,199.8301728
ENSG00000148229.12,POLE3,34,191.7500391
ENSG00000148300.11,REXO4,34,200.0762168
ENSG00000148308.17,GTF3C5,34,165.2818859
ENSG00000148331.11,ASB6,34,176.5857062
ENSG00000148384.12,INPP5E,34,177.0333655
ENSG00000148399.12,DPH7,34,177.9577743
ENSG00000148606.12,POLR3A,34,241.1731688
ENSG00000148672.8,GLUD1,34,182.7827766
ENSG00000148840.10,PPRC1,34,189.5387012
ENSG00000148843.13,PDCD11,34,192.5958884
ENSG00000148943.11,LIN7C,34,167.4201736
ENSG00000149136.8,SSRP1,34,173.6029272
ENSG00000149262.16,INTS4,34,185.4574583
ENSG00000149308.16,NPAT,34,197.0658796
ENSG00000149480.6,MTA2,34,207.7254756
ENSG00000149483.11,TMEM138,34,236.987082
ENSG00000149792.8,MRPL49,34,176.279164
ENSG00000150990.7,DHX37,34,208.6122215
ENSG00000151806.13,GUF1,34,171.9824119
ENSG00000151923.17,TIAL1,34,164.3847602
ENSG00000152234.15,ATP5A1,34,180.8952085
ENSG00000152795.17,HNRNPDL,34,162.2378824
ENSG00000152942.18,RAD17,34,202.9760692
ENSG00000153107.11,ANAPC1,34,160.351519
ENSG00000153560.11,UBP1,34,193.0350041
ENSG00000154001.13,PPP2R5E,34,191.7654337
ENSG00000154174.7,TOMM70,34,246.141899
ENSG00000154222.14,CC2D1B,34,167.5239869
ENSG00000154473.17,BUB3,34,250.2077185
ENSG00000154930.14,ACSS1,34,209.9933501
ENSG00000154945.6,ANKRD40,34,201.496985
ENSG00000155229.20,MMS19,34,265.2456623
ENSG00000155561.14,NUP205,34,237.0726531
ENSG00000156232.7,WHAMM,34,191.9206143
ENSG00000156471.12,PTDSS1,34,170.1271381
ENSG00000156983.15,BRPF1,34,173.2805538
ENSG00000157014.10,TATDN2,34,186.6161205
ENSG00000157259.6,GATAD1,34,240.924109
ENSG00000157353.16,FUK,34,185.7403623
ENSG00000157500.10,APPL1,34,184.1552013
ENSG00000157593.18,SLC35B2,34,164.0690412
ENSG00000157895.11,C12orf43,34,159.9772676
ENSG00000158604.14,TMED4,34,219.7037559
ENSG00000158711.13,ELK4,34,197.8453198
ENSG00000158941.16,CCAR2,34,203.3558436
ENSG00000159202.17,UBE2Z,34,194.951436
ENSG00000160049.11,DFFA,34,182.9422988
ENSG00000160208.12,RRP1B,34,228.9030725
ENSG00000160294.10,MCM3AP,34,248.2621644
ENSG00000160688.18,FLAD1,34,201.94427
ENSG00000160695.14,VPS11,34,180.2530137
ENSG00000160753.15,RUSC1,34,165.3036858
ENSG00000160803.7,UBQLN4,34,180.7211043
ENSG00000160917.14,CPSF4,34,214.4239545
ENSG00000160959.7,LRRC14,34,182.6933391
ENSG00000161204.11,ABCF3,34,168.4069155
ENSG00000161956.12,SENP3,34,242.2753001
ENSG00000162402.13,USP24,34,232.1891036
ENSG00000162408.10,NOL9,34,168.3171531
ENSG00000162521.18,RBBP4,34,192.9636158
ENSG00000162613.16,FUBP1,34,196.203832
ENSG00000162729.13,IGSF8,34,159.9970824
ENSG00000163161.12,ERCC3,34,280.8018464
ENSG00000163257.10,DCAF16,34,186.6607324
ENSG00000163389.10,POGLUT1,34,165.9857549
ENSG00000163539.16,CLASP2,34,206.6753451
ENSG00000163608.14,NEPRO,34,212.7788909
ENSG00000163626.16,COX18,34,181.4835658
ENSG00000163655.15,GMPS,34,170.8075943
ENSG00000163714.17,U2SURP,34,178.0886852
ENSG00000163755.8,HPS3,34,175.1946348
ENSG00000163785.12,RYK,34,189.7661528
ENSG00000163811.11,WDR43,34,174.9711237
ENSG00000163875.15,MEAF6,34,222.5353249
ENSG00000163900.10,TMEM41A,34,178.3774973
ENSG00000163939.18,PBRM1,34,191.4243556
ENSG00000164024.11,METAP1,34,276.0973907
ENSG00000164040.16,PGRMC2,34,187.7024056
ENSG00000164080.13,RAD54L2,34,194.3368264
ENSG00000164134.12,NAA15,34,207.8845885
ENSG00000164151.11,ICE1,34,207.21714
ENSG00000164163.10,ABCE1,34,165.9177687
ENSG00000164164.15,OTUD4,34,188.4024519
ENSG00000164244.20,PRRC1,34,171.677306
ENSG00000164597.13,COG5,34,190.6503181
ENSG00000164828.17,SUN1,34,187.185883
ENSG00000164933.11,SLC25A32,34,206.8079313
ENSG00000165271.16,NOL6,34,204.0841933
ENSG00000165282.13,PIGO,34,187.654993
ENSG00000165526.8,RPUSD4,34,224.4077368
ENSG00000165688.11,PMPCA,34,236.814582
ENSG00000165689.16,SDCCAG3,34,169.4929361
ENSG00000165733.7,BMS1,34,206.2730232
ENSG00000165792.17,METTL17,34,220.0243218
ENSG00000165819.11,METTL3,34,239.7861354
ENSG00000166164.15,BRD7,34,239.4636517
ENSG00000166170.9,BAG5,34,182.5191268
ENSG00000166181.12,API5,34,161.6894047
ENSG00000166197.16,NOLC1,34,175.7533057
ENSG00000166261.10,ZNF202,34,164.0316844
ENSG00000166326.6,TRIM44,34,235.0484654
ENSG00000166526.16,ZNF3,34,216.3769875
ENSG00000166619.12,BLCAP,34,160.0934978
ENSG00000166822.12,TMEM170A,34,175.4526054
ENSG00000166938.12,DIS3L,34,228.4351486
ENSG00000167257.10,RNF214,34,165.8093534
ENSG00000167635.11,ZNF146,34,199.8030254
ENSG00000167699.13,GLOD4,34,241.2242822
ENSG00000167721.10,TSR1,34,177.1434801
ENSG00000167842.15,MIS12,34,178.5125547
ENSG00000167881.14,SRP68,34,198.5979558
ENSG00000167962.13,ZNF598,34,185.249713
ENSG00000167967.15,E4F1,34,158.9445132
ENSG00000168495.12,POLR3D,34,202.8803244
ENSG00000168724.14,DNAJC21,34,227.9519596
ENSG00000168795.4,ZBTB5,34,170.3767809
ENSG00000168827.14,GFM1,34,177.5667558
ENSG00000168872.16,DDX19A,34,270.2491288
ENSG00000168883.19,USP39,34,177.9423793
ENSG00000168924.14,LETM1,34,238.5703056
ENSG00000169045.17,HNRNPH1,34,208.7262866
ENSG00000169062.14,UPF3A,34,178.578397
ENSG00000169359.13,SLC33A1,34,158.5379461
ENSG00000169718.17,DUS1L,34,163.9147183
ENSG00000170348.8,TMED10,34,197.0148605
ENSG00000170445.12,HARS,34,266.5036412
ENSG00000170734.11,POLH,34,163.374998
ENSG00000171262.11,FAM98B,34,170.1461825
ENSG00000171824.13,EXOSC10,34,226.9315849
ENSG00000172175.12,MALT1,34,208.4784697
ENSG00000172262.11,ZNF131,34,182.1849989
ENSG00000172273.12,HINFP,34,162.6023667
ENSG00000173473.10,SMARCC1,34,166.9160922
ENSG00000173726.10,TOMM20,34,171.1150466
ENSG00000174032.16,SLC25A30,34,188.2848111
ENSG00000174197.16,MGA,34,218.6486699
ENSG00000174227.15,PIGG,34,170.5421543
ENSG00000174780.15,SRP72,34,191.1363636
ENSG00000174840.8,PDE12,34,205.0464149
ENSG00000175054.14,ATR,34,225.2655911
ENSG00000176248.8,ANAPC2,34,163.8987239
ENSG00000176953.12,NFATC2IP,34,292.8506841
ENSG00000177192.13,PUS1,34,158.6751643
ENSG00000177479.19,ARIH2,34,234.1427889
ENSG00000177542.10,SLC25A22,34,171.2907929
ENSG00000177728.16,TMEM94,34,233.5583524
ENSG00000178028.13,DMAP1,34,181.5386954
ENSG00000179051.13,RCC2,34,209.2354909
ENSG00000179195.15,ZNF664,34,163.7929317
ENSG00000179364.13,PACS2,34,170.3296308
ENSG00000179889.18,PDXDC1,34,222.5392769
ENSG00000180900.18,SCRIB,34,161.8896103
ENSG00000180957.17,PITPNB,34,191.8136172
ENSG00000181090.19,EHMT1,34,172.5220565
ENSG00000181396.12,OGFOD3,34,178.4356458
ENSG00000181915.4,ADO,34,163.3824012
ENSG00000182158.14,CREB3L2,34,170.9694278
ENSG00000182307.12,C8orf33,34,189.1356772
ENSG00000182670.13,TTC3,34,230.0055681
ENSG00000182979.17,MTA1,34,217.4890188
ENSG00000183495.13,EP400,34,169.7911564
ENSG00000184575.11,XPOT,34,196.4281682
ENSG00000184640.17,09-Sep,34,169.5040786
ENSG00000184677.16,ZBTB40,34,197.1243277
ENSG00000184787.18,UBE2G2,34,294.9595828
ENSG00000185024.16,BRF1,34,161.7274707
ENSG00000185049.14,NELFA,34,235.301082
ENSG00000185163.9,DDX51,34,168.1692206
ENSG00000185246.17,PRPF39,34,160.1690683
ENSG00000185298.12,CCDC137,34,174.6084668
ENSG00000185344.13,ATP6V0A2,34,205.3952011
ENSG00000185379.20,RAD51D,34,173.4611761
ENSG00000185404.16,SP140L,34,193.2925575
ENSG00000185504.16,FAAP100,34,167.5400372
ENSG00000185803.8,SLC52A2,34,163.8131446
ENSG00000187147.17,RNF220,34,181.859956
ENSG00000188529.14,SRSF10,34,223.8887114
ENSG00000188976.10,NOC2L,34,225.4501335
ENSG00000188986.6,NELFB,34,205.6276347
ENSG00000196305.17,IARS,34,170.7643035
ENSG00000196363.9,WDR5,34,175.9522976
ENSG00000196367.12,TRRAP,34,177.859049
ENSG00000197037.10,ZSCAN25,34,172.953799
ENSG00000197226.12,TBC1D9B,34,182.5013534
ENSG00000197912.14,SPG7,34,168.6443229
ENSG00000197961.11,ZNF121,34,175.519053
ENSG00000198000.11,NOL8,34,187.4513007
ENSG00000198026.7,ZNF335,34,163.5821183
ENSG00000198162.12,MAN1A2,34,182.3366589
ENSG00000198218.10,QRICH1,34,254.6136228
ENSG00000198276.15,UCKL1,34,171.4393043
ENSG00000198492.15,YTHDF2,34,166.7838116
ENSG00000198522.13,GPN1,34,202.9040919
ENSG00000198677.10,TTC37,34,229.7592339
ENSG00000198700.9,IPO9,34,270.6273129
ENSG00000198793.12,MTOR,34,218.9649145
ENSG00000198799.11,LRIG2,34,207.6327341
ENSG00000198874.12,TYW1,34,221.449147
ENSG00000198912.10,C1orf174,34,176.7231397
ENSG00000198917.12,SPOUT1,34,184.1867264
ENSG00000203993.4,ARRDC1-AS1,34,170.8796085
ENSG00000204084.12,INPP5B,34,172.5384735
ENSG00000204149.10,AGAP6,34,175.2155277
ENSG00000204227.4,RING1,34,168.9895249
ENSG00000204316.12,MRPL38,34,159.9565633
ENSG00000204371.11,EHMT2,34,200.6384893
ENSG00000204564.11,C6orf136,34,162.9540034
ENSG00000204576.11,PRR3,34,198.9946066
ENSG00000204946.9,ZNF783,34,160.8204973
ENSG00000205339.9,IPO7,34,192.8560614
ENSG00000205937.11,RNPS1,34,263.3998372
ENSG00000206527.9,HACD2,34,209.0101028
ENSG00000213593.9,TMX2,34,194.898914
ENSG00000213780.10,GTF2H4,34,169.4611383
ENSG00000213995.11,NAXD,34,182.5874619
ENSG00000215041.9,NEURL4,34,204.5666621
ENSG00000215193.12,PEX26,34,209.1198476
ENSG00000223501.8,VPS52,34,233.771263
ENSG00000223959.8,AFG3L1P,34,179.1968636
ENSG00000241973.10,PI4KA,34,188.0881666
ENSG00000244038.9,DDOST,34,159.9597918
ENSG00000244462.7,RBM12,34,200.3244431
ENSG00000247077.6,PGAM5,34,163.2987443
ENSG00000250462.8,LRRC37BP1,34,169.4915238
ENSG00000253719.3,ATXN7L3B,34,172.6543487
ENSG00000255529.7,POLR2M,34,173.1329517
ENSG00000257218.5,GATC,34,246.1681044
ENSG00000258890.6,CEP95,34,162.5631383
ENSG00000263753.6,LINC00667,34,163.5445182
ENSG00000265491.4,RNF115,34,167.3906837
ENSG00000268205.1,CTC-444N24.11,34,167.6416936
ENSG00000274523.4,RCC1L,34,193.7945976
ENSG00000275066.4,SYNRG,34,221.8578315
ENSG00000276234.4,TADA2A,34,176.5008948
ENSG00000278259.4,MYO19,34,181.8778192
ENSG00000170476.15,MZB1,59,68.49108215
ENSG00000211592.8,IGKC,59,68.21512624
ENSG00000211593.2,IGKJ5,59,69.27605434
ENSG00000211594.2,IGKJ4,59,66.18111646
ENSG00000211595.2,IGKJ3,59,67.31881346
ENSG00000211596.3,IGKJ2,59,68.97013623
ENSG00000211597.2,IGKJ1,59,68.85074588
ENSG00000211598.2,IGKV4-1,59,69.72083117
ENSG00000211625.2,IGKV3D-20,59,62.85426141
ENSG00000211637.2,IGLV4-69,59,70.11917358
ENSG00000211640.4,IGLV6-57,59,70.47859992
ENSG00000211644.3,IGLV1-51,59,70.23048666
ENSG00000211648.2,IGLV1-47,59,70.49842894
ENSG00000211651.3,IGLV1-44,59,70.19833101
ENSG00000211653.2,IGLV1-40,59,70.23803174
ENSG00000211655.3,IGLV1-36,59,67.24909853
ENSG00000211659.2,IGLV3-25,59,68.12793578
ENSG00000211660.3,IGLV2-23,59,70.27064394
ENSG00000211662.2,IGLV3-21,59,70.34434962
ENSG00000211663.2,IGLV3-19,59,69.95911276
ENSG00000211666.2,IGLV2-14,59,69.0610621
ENSG00000211668.2,IGLV2-11,59,70.31031491
ENSG00000211673.2,IGLV3-1,59,69.62906134
ENSG00000211674.2,IGLJ1,59,64.49513519
ENSG00000211675.2,IGLC1,59,70.28658448
ENSG00000211676.2,IGLJ2,59,57.1861784
ENSG00000211677.2,IGLC2,59,69.09727821
ENSG00000211678.2,IGLJ3,59,65.37710822
ENSG00000211679.2,IGLC3,59,67.97209085
ENSG00000211893.3,IGHG2,59,70.16285651
ENSG00000211895.4,IGHA1,59,67.89054993
ENSG00000211896.7,IGHG1,59,70.03189217
ENSG00000211897.8,IGHG3,59,70.11082507
ENSG00000211899.9,IGHM,59,54.68817868
ENSG00000211900.2,IGHJ6,59,66.33913859
ENSG00000211904.2,IGHJ2,59,69.46673857
ENSG00000211933.2,IGHV6-1,59,66.24891085
ENSG00000211937.3,IGHV2-5,59,70.18657063
ENSG00000211938.2,IGHV3-7,59,70.27529802
ENSG00000211941.3,IGHV3-11,59,69.63013636
ENSG00000211943.2,IGHV3-15,59,70.02868241
ENSG00000211945.2,IGHV1-18,59,70.5514413
ENSG00000211947.2,IGHV3-21,59,70.36214536
ENSG00000211949.3,IGHV3-23,59,69.96202872
ENSG00000211955.2,IGHV3-33,59,70.29725441
ENSG00000211956.2,IGHV4-34,59,70.54291167
ENSG00000211962.2,IGHV1-46,59,68.51429217
ENSG00000211964.3,IGHV3-48,59,69.45643846
ENSG00000211965.4,IGHV3-49,59,68.70254138
ENSG00000211966.2,IGHV5-51,59,69.50648779
ENSG00000211967.3,IGHV3-53,59,65.21792636
ENSG00000222037.5,IGLC6,59,67.65991288
ENSG00000224373.3,IGHV4-59,59,70.12442541
ENSG00000224650.2,IGHV3-74,59,67.90786398
ENSG00000239855.1,IGKV1-6,59,69.45505651
ENSG00000239951.1,IGKV3-20,59,65.80192673
ENSG00000240041.1,IGHJ4,59,67.566128
ENSG00000240382.3,IGKV1-17,59,66.68092353
ENSG00000240864.3,IGKV1-16,59,70.30355171
ENSG00000241294.1,IGKV2-24,59,68.33487999
ENSG00000241351.3,IGKV3-11,59,68.24805142
ENSG00000241755.1,IGKV1-9,59,70.49854023
ENSG00000242076.2,IGKV1-33,59,68.43859188
ENSG00000242371.1,IGKV1-39,59,70.25771123
ENSG00000242472.1,IGHJ5,59,67.32876897
ENSG00000242887.1,IGHJ3,59,64.54214884
ENSG00000243238.1,IGKV2-30,59,70.15922232
ENSG00000243290.3,IGKV1-12,59,69.259941
ENSG00000243466.1,IGKV1-5,59,69.90778698
ENSG00000244116.3,IGKV2-28,59,69.66737679
ENSG00000244437.1,IGKV3-15,59,69.89300831
ENSG00000244575.3,IGKV1-27,59,70.5058597
ENSG00000253755.1,IGHGP,59,55.35330211
ENSG00000278196.3,IGLV2-8,59,69.84764448
ENSG00000051180.16,RAD51,66,59.68808424
ENSG00000073111.13,MCM2,66,58.49661722
ENSG00000075218.18,GTSE1,66,55.57906392
ENSG00000076382.16,SPAG5,66,61.8895869
ENSG00000077152.9,UBE2T,66,62.4191505
ENSG00000080986.12,NDC80,66,58.46232845
ENSG00000085840.12,ORC1,66,62.32629116
ENSG00000087586.17,AURKA,66,60.30971053
ENSG00000088325.15,TPX2,66,60.23937776
ENSG00000089685.14,BIRC5,66,62.26600592
ENSG00000092470.11,WDR76,66,60.79500505
ENSG00000093009.9,CDC45,66,61.04580577
ENSG00000100162.14,CENPM,66,50.1986306
ENSG00000100526.19,CDKN3,66,43.92009077
ENSG00000101057.15,MYBL2,66,51.51695178
ENSG00000104738.16,MCM4,66,60.42809991
ENSG00000105173.13,CCNE1,66,58.63178799
ENSG00000106462.10,EZH2,66,60.42358734
ENSG00000109685.17,NSD2,66,57.7043331
ENSG00000109805.9,NCAPG,66,52.66371399
ENSG00000111206.12,FOXM1,66,62.13779621
ENSG00000112984.11,KIF20A,66,49.36498895
ENSG00000117399.13,CDC20,66,60.03529967
ENSG00000117632.22,STMN1,66,53.51621846
ENSG00000121152.9,NCAPH,66,60.98845888
ENSG00000122952.16,ZWINT,66,62.19197189
ENSG00000123485.11,HJURP,66,56.03746102
ENSG00000126787.12,DLGAP5,66,57.18494516
ENSG00000127564.16,PKMYT1,66,59.20493644
ENSG00000131153.8,GINS2,66,62.25646775
ENSG00000131747.14,TOP2A,66,59.55673397
ENSG00000134057.14,CCNB1,66,62.26870411
ENSG00000134690.10,CDCA8,66,59.26284165
ENSG00000135451.12,TROAP,66,61.86857285
ENSG00000137310.11,TCF19,66,55.2489462
ENSG00000137804.12,NUSAP1,66,61.67624358
ENSG00000138160.5,KIF11,66,53.64027083
ENSG00000140525.17,FANCI,66,61.91262975
ENSG00000142945.12,KIF2C,66,61.15227765
ENSG00000144354.13,CDCA7,66,61.7361112
ENSG00000145386.9,CCNA2,66,60.43549386
ENSG00000146670.9,CDCA5,66,61.84948503
ENSG00000146918.19,NCAPG2,66,59.8807809
ENSG00000148773.13,MKI67,66,57.79295137
ENSG00000149503.12,INCENP,66,60.39682804
ENSG00000151503.12,NCAPD3,66,60.39016514
ENSG00000153044.9,CENPH,66,59.1451063
ENSG00000156802.12,ATAD2,66,61.90239445
ENSG00000157456.7,CCNB2,66,60.68687676
ENSG00000160957.12,RECQL4,66,54.84956646
ENSG00000161800.12,RACGAP1,66,61.92456711
ENSG00000161888.11,SPC24,66,61.73191304
ENSG00000162063.12,CCNF,66,62.25558215
ENSG00000164611.12,PTTG1,66,50.81595006
ENSG00000166851.14,PLK1,66,60.4846966
ENSG00000167325.14,RRM1,66,55.45413201
ENSG00000167513.8,CDT1,66,53.41251946
ENSG00000167670.15,CHAF1A,66,59.54581244
ENSG00000167900.11,TK1,66,57.65110636
ENSG00000169679.14,BUB1,66,56.09604724
ENSG00000170312.15,CDK1,66,60.54736804
ENSG00000171848.13,RRM2,66,58.18646545
ENSG00000173207.12,CKS1B,66,60.31978823
ENSG00000176890.15,TYMS,66,58.2658985
ENSG00000178999.12,AURKB,66,60.44432047
ENSG00000186185.13,KIF18B,66,56.56598552
ENSG00000198901.13,PRC1,66,62.26849824
ENSG00000237649.7,KIFC1,66,61.64206267
ENSG00000000419.12,DPM1,72,264.009583
ENSG00000000457.13,SCYL3,72,359.7378172
ENSG00000000938.12,FGR,72,202.1373176
ENSG00000002834.17,LASP1,72,255.5947785
ENSG00000002919.14,SNX11,72,315.355464
ENSG00000003402.19,CFLAR,72,305.871591
ENSG00000003509.15,NDUFAF7,72,234.2675597
ENSG00000003756.16,RBM5,72,226.5898219
ENSG00000004660.14,CAMKK1,72,206.0718891
ENSG00000004700.15,RECQL,72,238.449217
ENSG00000005007.12,UPF1,72,202.2170785
ENSG00000005020.12,SKAP2,72,225.781394
ENSG00000005175.9,RPAP3,72,206.7932063
ENSG00000005812.10,FBXL3,72,303.873352
ENSG00000006715.15,VPS41,72,235.1841754
ENSG00000008130.15,NADK,72,258.0817856
ENSG00000008282.8,SYPL1,72,243.3315542
ENSG00000009844.15,VTA1,72,330.3447692
ENSG00000010072.15,SPRTN,72,278.9544886
ENSG00000010539.11,ZNF200,72,206.7492598
ENSG00000011114.14,BTBD7,72,359.4393814
ENSG00000011258.15,MBTD1,72,304.1439929
ENSG00000012232.8,EXTL3,72,238.1838199
ENSG00000012660.13,ELOVL5,72,201.7824959
ENSG00000014123.9,UFL1,72,204.8141429
ENSG00000014824.13,SLC30A9,72,232.8213413
ENSG00000014919.12,COX15,72,328.7511479
ENSG00000016864.18,GLT8D1,72,206.3736148
ENSG00000021574.11,SPAST,72,356.4994972
ENSG00000022976.15,ZNF839,72,208.014746
ENSG00000023041.11,ZDHHC6,72,338.82489
ENSG00000023287.12,RB1CC1,72,213.3024781
ENSG00000023318.7,ERP44,72,215.7590719
ENSG00000023697.12,DERA,72,293.7137989
ENSG00000024048.10,UBR2,72,293.4119876
ENSG00000024862.17,CCDC28A,72,214.7008062
ENSG00000026103.21,FAS,72,295.2229817
ENSG00000028116.16,VRK2,72,243.7830426
ENSG00000028528.14,SNX1,72,374.8753331
ENSG00000029363.16,BCLAF1,72,232.0103925
ENSG00000029364.11,SLC39A9,72,375.1055096
ENSG00000032219.18,ARID4A,72,239.4679782
ENSG00000033030.13,ZCCHC8,72,251.9393363
ENSG00000033100.16,CHPF2,72,269.4874954
ENSG00000033800.13,PIAS1,72,212.1680761
ENSG00000035681.7,NSMAF,72,279.864011
ENSG00000035862.12,TIMP2,72,241.8613054
ENSG00000036054.12,TBC1D23,72,369.2400025
ENSG00000036257.12,CUL3,72,334.2692278
ENSG00000037749.11,MFAP3,72,220.0303428
ENSG00000038219.12,BOD1L1,72,301.7318704
ENSG00000038274.16,MAT2B,72,311.4683795
ENSG00000039319.16,ZFYVE16,72,226.4451311
ENSG00000042429.11,MED17,72,314.3975345
ENSG00000042445.13,RETSAT,72,215.4860613
ENSG00000047056.14,WDR37,72,372.1234988
ENSG00000047315.15,POLR2B,72,336.2880844
ENSG00000047410.13,TPR,72,214.5099338
ENSG00000047578.12,KIAA0556,72,289.4213502
ENSG00000047932.13,GOPC,72,224.0794417
ENSG00000048392.11,RRM2B,72,259.1787242
ENSG00000048649.13,RSF1,72,233.259606
ENSG00000048740.18,CELF2,72,292.9535472
ENSG00000048828.16,FAM120A,72,321.3640578
ENSG00000049239.12,H6PD,72,287.6587778
ENSG00000049860.13,HEXB,72,221.1524537
ENSG00000050130.17,JKAMP,72,353.2148092
ENSG00000050344.8,NFE2L3,72,255.0054106
ENSG00000051382.8,PIK3CB,72,204.1136593
ENSG00000051620.10,HEBP2,72,239.2235713
ENSG00000052723.11,SIKE1,72,337.6000793
ENSG00000053770.11,AP5M1,72,316.2912676
ENSG00000053900.10,ANAPC4,72,255.1651882
ENSG00000054116.11,TRAPPC3,72,236.2984925
ENSG00000054267.21,ARID4B,72,206.0288047
ENSG00000054282.15,SDCCAG8,72,212.9631426
ENSG00000054965.10,FAM168A,72,358.3923778
ENSG00000055147.18,FAM114A2,72,259.2209957
ENSG00000055211.12,GINM1,72,280.4054849
ENSG00000055917.15,PUM2,72,423.266105
ENSG00000056097.15,ZFR,72,366.9155671
ENSG00000056586.15,RC3H2,72,272.5576014
ENSG00000057252.12,SOAT1,72,211.5667692
ENSG00000057608.16,GDI2,72,332.3358462
ENSG00000058272.16,PPP1R12A,72,246.0351385
ENSG00000060642.10,PIGV,72,254.1919019
ENSG00000061987.14,MON2,72,325.0669506
ENSG00000062650.17,WAPL,72,388.5593221
ENSG00000062725.9,APPBP2,72,383.1112459
ENSG00000064012.21,CASP8,72,229.7798061
ENSG00000064419.13,TNPO3,72,257.2221071
ENSG00000064995.16,TAF11,72,231.2301625
ENSG00000065135.10,GNAI3,72,370.3488806
ENSG00000065243.19,PKN2,72,201.1516094
ENSG00000065559.14,MAP2K4,72,293.7826956
ENSG00000065613.13,SLK,72,327.8630691
ENSG00000065615.13,CYB5R4,72,284.368707
ENSG00000065802.11,ASB1,72,237.4690848
ENSG00000065883.14,CDK13,72,359.9480785
ENSG00000066027.11,PPP2R5A,72,302.7556198
ENSG00000066084.12,DIP2B,72,349.9458402
ENSG00000066135.12,KDM4A,72,226.3854706
ENSG00000066136.20,NFYC,72,231.8207891
ENSG00000066322.14,ELOVL1,72,234.5263736
ENSG00000066427.21,ATXN3,72,219.7398422
ENSG00000066455.12,GOLGA5,72,317.5701377
ENSG00000066777.8,ARFGEF1,72,374.0948991
ENSG00000067066.16,SP100,72,279.1807403
ENSG00000067182.7,TNFRSF1A,72,281.5231891
ENSG00000067208.14,EVI5,72,226.4338614
ENSG00000067596.10,DHX8,72,207.4426968
ENSG00000067900.7,ROCK1,72,270.2428491
ENSG00000068024.16,HDAC4,72,221.3304584
ENSG00000068305.17,MEF2A,72,198.9708255
ENSG00000068650.18,ATP11A,72,229.0994603
ENSG00000068697.6,LAPTM4A,72,314.8388071
ENSG00000068745.14,IP6K2,72,262.6673696
ENSG00000068784.12,SRBD1,72,217.6969932
ENSG00000069345.11,DNAJA2,72,329.6628794
ENSG00000069974.15,RAB27A,72,276.1110181
ENSG00000070269.13,TMEM260,72,212.4617593
ENSG00000070367.15,EXOC5,72,278.3596934
ENSG00000070413.19,DGCR2,72,314.078157
ENSG00000070444.14,MNT,72,281.6772389
ENSG00000070476.14,ZXDC,72,363.6872699
ENSG00000070831.15,CDC42,72,278.5017635
ENSG00000071189.21,SNX13,72,212.7660518
ENSG00000071243.15,ING3,72,367.9438821
ENSG00000071537.13,SEL1L,72,366.0881043
ENSG00000072401.14,UBE2D1,72,231.3682766
ENSG00000072518.20,MARK2,72,234.324413
ENSG00000072609.17,CHFR,72,354.610654
ENSG00000072756.16,TRNT1,72,218.0223221
ENSG00000072803.17,FBXW11,72,264.6493886
ENSG00000072849.10,DERL2,72,290.1842708
ENSG00000073921.17,PICALM,72,287.909327
ENSG00000073969.18,NSF,72,329.7609759
ENSG00000074319.12,TSG101,72,297.1049523
ENSG00000074356.16,NCBP3,72,256.1300494
ENSG00000074603.18,DPP8,72,445.5564492
ENSG00000075292.18,ZNF638,72,404.9173492
ENSG00000075539.13,FRYL,72,207.4787751
ENSG00000075785.12,RAB7A,72,264.4111423
ENSG00000075975.15,MKRN2,72,280.1281267
ENSG00000076053.10,RBM7,72,342.0253038
ENSG00000076513.16,ANKRD13A,72,347.5992708
ENSG00000076662.9,ICAM3,72,200.6024614
ENSG00000076685.18,NT5C2,72,235.747791
ENSG00000077254.14,USP33,72,415.3313112
ENSG00000077514.8,POLD3,72,288.5675369
ENSG00000078140.13,UBE2K,72,378.4395815
ENSG00000078142.12,PIK3C3,72,429.8759606
ENSG00000078237.6,TIGAR,72,245.4039396
ENSG00000078618.21,NRDC,72,241.6728726
ENSG00000078747.14,ITCH,72,319.5658171
ENSG00000078902.15,TOLLIP,72,266.9179329
ENSG00000079246.15,XRCC5,72,302.8145079
ENSG00000079950.13,STX7,72,382.0618034
ENSG00000080802.18,CNOT4,72,297.1217271
ENSG00000080815.18,PSEN1,72,416.3468862
ENSG00000081087.14,OSTM1,72,339.9354702
ENSG00000081237.18,PTPRC,72,280.841182
ENSG00000081320.10,STK17B,72,244.2551885
ENSG00000082074.15,FYB,72,248.9343876
ENSG00000082212.12,ME2,72,296.6549723
ENSG00000082258.12,CCNT2,72,268.6670696
ENSG00000082701.14,GSK3B,72,384.2397533
ENSG00000082996.19,RNF13,72,216.8553044
ENSG00000083312.17,TNPO1,72,399.3200549
ENSG00000083520.14,DIS3,72,331.8058762
ENSG00000083642.18,PDS5B,72,401.0322044
ENSG00000083814.13,ZNF671,72,202.995273
ENSG00000083937.8,CHMP2B,72,301.2629174
ENSG00000084073.8,ZMPSTE24,72,316.3766364
ENSG00000084093.16,REST,72,387.5446915
ENSG00000084112.14,SSH1,72,235.6353135
ENSG00000084733.10,RAB10,72,319.6608853
ENSG00000085365.17,SCAMP1,72,260.2324808
ENSG00000085433.15,WDR47,72,268.414604
ENSG00000085491.15,SLC25A24,72,201.7292374
ENSG00000085832.16,EPS15,72,305.6385167
ENSG00000086300.15,SNX10,72,221.5770964
ENSG00000086598.10,TMED2,72,294.9954905
ENSG00000086666.18,ZFAND6,72,311.9991739
ENSG00000086730.16,LAT2,72,297.9813662
ENSG00000087095.12,NLK,72,214.302845
ENSG00000087152.15,ATXN7L3,72,347.3965414
ENSG00000087253.12,LPCAT2,72,254.3606207
ENSG00000087338.4,GMCL1,72,315.8220023
ENSG00000087502.17,ERGIC2,72,281.4668374
ENSG00000088035.15,ALG6,72,285.5528693
ENSG00000088298.12,EDEM2,72,342.950868
ENSG00000088448.14,ANKRD10,72,240.1755296
ENSG00000088832.16,FKBP1A,72,221.6967481
ENSG00000088833.17,NSFL1C,72,206.6412128
ENSG00000088888.17,MAVS,72,301.5210944
ENSG00000088930.7,XRN2,72,353.5831896
ENSG00000089159.16,PXN,72,209.1317165
ENSG00000089234.15,BRAP,72,292.196058
ENSG00000089902.9,RCOR1,72,226.8148235
ENSG00000089916.17,GPATCH2L,72,272.7937391
ENSG00000090020.10,SLC9A1,72,213.7607233
ENSG00000090054.13,SPTLC1,72,401.1565125
ENSG00000090060.17,PAPOLA,72,346.0498056
ENSG00000090316.15,MAEA,72,267.8049625
ENSG00000090432.6,MUL1,72,230.1624684
ENSG00000090686.15,USP48,72,296.8977056
ENSG00000090989.17,EXOC1,72,424.9492733
ENSG00000091009.7,RBM27,72,286.9137092
ENSG00000091039.16,OSBPL8,72,235.2109804
ENSG00000091140.13,DLD,72,311.7392492
ENSG00000091317.7,CMTM6,72,341.8238875
ENSG00000092020.10,PPP2R3C,72,266.0682757
ENSG00000092108.20,SCFD1,72,263.6396081
ENSG00000092148.12,HECTD1,72,276.0505809
ENSG00000092330.15,TINF2,72,242.7841983
ENSG00000092531.9,SNAP23,72,289.2248571
ENSG00000092847.11,AGO1,72,208.2128581
ENSG00000092871.16,RFFL,72,214.3765237
ENSG00000092931.11,MFSD11,72,236.4263188
ENSG00000093000.18,NUP50,72,317.5797084
ENSG00000093144.18,ECHDC1,72,263.032268
ENSG00000093183.13,SEC22C,72,292.5369109
ENSG00000095015.5,MAP3K1,72,222.607682
ENSG00000095261.13,PSMD5,72,261.5136549
ENSG00000095485.16,CWF19L1,72,272.1900044
ENSG00000096401.7,CDC5L,72,424.2652003
ENSG00000096717.11,SIRT1,72,240.6427228
ENSG00000096968.13,JAK2,72,235.1739228
ENSG00000099246.16,RAB18,72,311.0971018
ENSG00000099940.11,SNAP29,72,400.4726839
ENSG00000100030.14,MAPK1,72,414.6679842
ENSG00000100034.13,PPM1F,72,200.2189786
ENSG00000100106.19,TRIOBP,72,222.3888431
ENSG00000100201.20,DDX17,72,357.3158108
ENSG00000100296.13,THOC5,72,248.1376767
ENSG00000100330.15,MTMR3,72,285.1269901
ENSG00000100368.13,CSF2RB,72,236.4777374
ENSG00000100393.12,EP300,72,252.46128
ENSG00000100441.9,KHNYN,72,210.1117071
ENSG00000100461.17,RBM23,72,278.8085651
ENSG00000100483.13,VCPKMT,72,213.7250129
ENSG00000100485.11,SOS2,72,332.3145418
ENSG00000100580.7,TMED8,72,228.499682
ENSG00000100603.13,SNW1,72,222.4779394
ENSG00000100612.13,DHRS7,72,293.1194193
ENSG00000100664.10,EIF5,72,239.0110857
ENSG00000100697.14,DICER1,72,282.7206371
ENSG00000100731.15,PCNX1,72,240.3431853
ENSG00000100764.13,PSMC1,72,240.1286718
ENSG00000100811.12,YY1,72,276.6268753
ENSG00000100815.12,TRIP11,72,289.3244662
ENSG00000100883.11,SRP54,72,278.4868161
ENSG00000100926.14,TM9SF1,72,262.3896621
ENSG00000100934.14,SEC23A,72,265.8882904
ENSG00000100938.17,GMPR2,72,361.1776331
ENSG00000101109.11,STK4,72,221.5078745
ENSG00000101126.15,ADNP,72,369.6720213
ENSG00000101138.11,CSTF1,72,208.4730999
ENSG00000101146.12,RAE1,72,240.6991609
ENSG00000101150.17,TPD52L2,72,291.2029848
ENSG00000101152.10,DNAJC5,72,225.7301954
ENSG00000101190.12,TCFL5,72,245.144928
ENSG00000101265.15,RASSF2,72,310.3394008
ENSG00000101290.13,CDS2,72,340.2086453
ENSG00000101310.14,SEC23B,72,209.6589053
ENSG00000101343.14,CRNKL1,72,386.6620739
ENSG00000101413.11,RPRD1B,72,328.7082999
ENSG00000101745.16,ANKRD12,72,254.0894537
ENSG00000101751.10,POLI,72,244.7971251
ENSG00000102580.14,DNAJC3,72,362.7059099
ENSG00000102699.5,PARP4,72,262.4964956
ENSG00000102710.19,SUPT20H,72,302.2272378
ENSG00000102786.14,INTS6,72,205.7584455
ENSG00000102893.15,PHKB,72,318.0661907
ENSG00000102910.13,LONP2,72,251.899899
ENSG00000102921.7,N4BP1,72,255.3153534
ENSG00000102978.12,POLR2C,72,253.8387049
ENSG00000103005.11,USB1,72,228.2866617
ENSG00000103111.14,MON1B,72,325.0886423
ENSG00000103160.11,HSDL1,72,233.9482934
ENSG00000103343.12,ZNF174,72,244.019114
ENSG00000103479.15,RBL2,72,256.4118852
ENSG00000103569.9,AQP9,72,207.0854452
ENSG00000103642.11,LACTB,72,233.3411028
ENSG00000103653.16,CSK,72,201.8792298
ENSG00000103671.9,TRIP4,72,306.8919657
ENSG00000103707.9,MTFMT,72,270.054298
ENSG00000103769.9,RAB11A,72,316.4394055
ENSG00000103978.15,TMEM87A,72,338.5608318
ENSG00000103994.16,ZNF106,72,337.3763215
ENSG00000104133.14,SPG11,72,233.3261737
ENSG00000104205.12,SGK3,72,291.8247229
ENSG00000104221.12,BRF2,72,218.7479987
ENSG00000104320.13,NBN,72,335.1153806
ENSG00000104325.6,DECR1,72,266.5217524
ENSG00000104343.19,UBE2W,72,290.4733533
ENSG00000104388.14,RAB2A,72,375.2207008
ENSG00000104643.9,MTMR9,72,295.70335
ENSG00000104687.12,GSR,72,257.002957
ENSG00000104695.12,PPP2CB,72,271.5841492
ENSG00000105058.11,FAM32A,72,316.2268404
ENSG00000105186.15,ANKRD27,72,236.1531247
ENSG00000105483.17,CARD8,72,360.3556605
ENSG00000105514.7,RAB3D,72,210.8490398
ENSG00000105778.18,AVL9,72,406.5391262
ENSG00000105851.10,PIK3CG,72,333.3700224
ENSG00000105856.13,HBP1,72,297.5815168
ENSG00000105879.11,CBLL1,72,213.9474644
ENSG00000105887.10,MTPN,72,283.3716712
ENSG00000105993.14,DNAJB6,72,279.8195374
ENSG00000106052.13,TAX1BP1,72,232.2777704
ENSG00000106144.19,CASP2,72,315.2648837
ENSG00000106261.16,ZKSCAN1,72,293.1138045
ENSG00000106348.16,IMPDH1,72,205.1875992
ENSG00000106459.14,NRF1,72,285.2048788
ENSG00000106636.7,YKT6,72,286.306754
ENSG00000106780.8,MEGF9,72,217.3393845
ENSG00000106829.18,TLE4,72,205.7392909
ENSG00000107036.11,RIC1,72,335.9997902
ENSG00000107099.15,DOCK8,72,209.3287453
ENSG00000107185.9,RGP1,72,227.4722464
ENSG00000107560.10,RAB11FIP2,72,205.743508
ENSG00000107854.5,TNKS2,72,326.7026366
ENSG00000107897.18,ACBD5,72,330.4643032
ENSG00000107929.14,LARP4B,72,358.9217877
ENSG00000107938.17,EDRF1,72,298.9091998
ENSG00000108055.9,SMC3,72,287.6527125
ENSG00000108061.11,SHOC2,72,250.958693
ENSG00000108094.14,CUL2,72,330.7091051
ENSG00000108100.17,CCNY,72,291.0428595
ENSG00000108219.14,TSPAN14,72,253.0470647
ENSG00000108256.8,NUFIP2,72,279.4582674
ENSG00000108306.11,FBXL20,72,246.9621937
ENSG00000108423.14,TUBD1,72,230.8077431
ENSG00000108424.9,KPNB1,72,341.075618
ENSG00000108468.14,CBX1,72,247.1934066
ENSG00000108587.15,GOSR1,72,356.4019553
ENSG00000108599.14,AKAP10,72,281.8813724
ENSG00000108654.13,DDX5,72,230.2911842
ENSG00000108774.14,RAB5C,72,259.6567964
ENSG00000108788.11,MLX,72,238.3099039
ENSG00000108946.14,PRKAR1A,72,331.7875642
ENSG00000109016.17,DHRS7B,72,210.881656
ENSG00000109079.9,TNFAIP1,72,297.9178369
ENSG00000109133.12,TMEM33,72,345.2555273
ENSG00000109180.14,OCIAD1,72,363.4559603
ENSG00000109220.10,CHIC2,72,207.8705746
ENSG00000109270.12,LAMTOR3,72,286.2384468
ENSG00000109320.11,NFKB1,72,234.4667982
ENSG00000109323.8,MANBA,72,222.0109566
ENSG00000109332.19,UBE2D3,72,199.7555015
ENSG00000109381.19,ELF2,72,243.8376635
ENSG00000109445.10,ZNF330,72,280.3401199
ENSG00000109586.11,GALNT7,72,313.8609983
ENSG00000109854.13,HTATIP2,72,254.0506667
ENSG00000110066.14,KMT5B,72,427.7102208
ENSG00000110075.14,PPP6R3,72,332.7755008
ENSG00000110315.6,RNF141,72,199.2123489
ENSG00000110321.16,EIF4G2,72,342.654287
ENSG00000110344.9,UBE4A,72,244.1503967
ENSG00000110367.11,DDX6,72,200.9223728
ENSG00000110395.6,CBL,72,249.7187417
ENSG00000110422.11,HIPK3,72,269.7724221
ENSG00000110429.13,FBXO3,72,305.3073113
ENSG00000110768.11,GTF2H1,72,231.8124732
ENSG00000110880.10,CORO1C,72,230.002613
ENSG00000110931.18,CAMKK2,72,248.2398653
ENSG00000110934.10,BIN2,72,230.3890431
ENSG00000111229.15,ARPC3,72,205.1313586
ENSG00000111540.15,RAB5B,72,295.5938834
ENSG00000111554.14,MDM1,72,216.9452772
ENSG00000111647.12,UHRF1BP1L,72,208.4183602
ENSG00000111653.19,ING4,72,243.3310953
ENSG00000111679.16,PTPN6,72,201.5415159
ENSG00000111684.10,LPCAT3,72,203.2879302
ENSG00000111707.11,SUDS3,72,208.1205136
ENSG00000111731.12,C2CD5,72,293.5881823
ENSG00000111737.11,RAB35,72,306.2414418
ENSG00000111786.8,SRSF9,72,231.414922
ENSG00000111817.16,DSE,72,237.9953801
ENSG00000111877.17,MCM9,72,243.1790601
ENSG00000111897.6,SERINC1,72,313.2804893
ENSG00000111911.6,HINT3,72,345.1684968
ENSG00000112062.10,MAPK14,72,211.0688773
ENSG00000112079.8,STK38,72,310.2674032
ENSG00000112282.17,MED23,72,370.4057462
ENSG00000112297.14,AIM1,72,269.3461326
ENSG00000112304.10,ACOT13,72,242.565916
ENSG00000112308.12,C6orf62,72,352.2852602
ENSG00000112584.13,FAM120B,72,291.7245463
ENSG00000112624.12,GLTSCR1L,72,201.1414132
ENSG00000112658.7,SRF,72,231.0137143
ENSG00000112679.14,DUSP22,72,395.537228
ENSG00000112697.15,TMEM30A,72,377.5967099
ENSG00000112701.17,SENP6,72,353.450454
ENSG00000112739.16,PRPF4B,72,244.5711356
ENSG00000112763.15,BTN2A1,72,233.9569447
ENSG00000112851.14,ERBIN,72,264.8270031
ENSG00000112855.14,HARS2,72,374.9322219
ENSG00000112983.17,BRD8,72,323.0222938
ENSG00000113119.12,TMCO6,72,285.8330033
ENSG00000113161.15,HMGCR,72,314.0273114
ENSG00000113163.15,COL4A3BP,72,343.0263056
ENSG00000113194.12,FAF2,72,375.7028489
ENSG00000113240.12,CLK4,72,230.092716
ENSG00000113269.13,RNF130,72,259.2524888
ENSG00000113300.11,CNOT6,72,269.3159442
ENSG00000113368.11,LMNB1,72,233.4261219
ENSG00000113384.13,GOLPH3,72,379.8419924
ENSG00000113391.18,FAM172A,72,254.8246159
ENSG00000113441.15,LNPEP,72,265.3633576
ENSG00000113532.12,ST8SIA4,72,271.4231243
ENSG00000113575.9,PPP2CA,72,356.2870023
ENSG00000113580.14,NR3C1,72,274.2359145
ENSG00000113593.11,PPWD1,72,340.3477968
ENSG00000113712.17,CSNK1A1,72,299.0690483
ENSG00000113845.9,TIMMDC1,72,254.6821577
ENSG00000114098.17,ARMC8,72,384.961504
ENSG00000114302.15,PRKAR2A,72,288.5367128
ENSG00000114331.13,ACAP2,72,375.217169
ENSG00000114450.9,GNB4,72,213.812401
ENSG00000114573.9,ATP6V1A,72,392.8577172
ENSG00000114648.11,KLHL18,72,355.7856656
ENSG00000114744.8,COMMD2,72,283.1148013
ENSG00000114770.16,ABCC5,72,202.6608185
ENSG00000114933.15,INO80D,72,274.2702407
ENSG00000114978.17,MOB1A,72,446.2350155
ENSG00000115084.13,SLC35F5,72,286.4108999
ENSG00000115091.11,ACTR3,72,312.7223918
ENSG00000115145.9,STAM2,72,368.7630729
ENSG00000115310.17,RTN4,72,367.2849619
ENSG00000115421.12,PAPOLG,72,311.3564489
ENSG00000115446.11,UNC50,72,307.3953664
ENSG00000115459.17,ELMOD3,72,248.049652
ENSG00000115486.11,GGCX,72,219.2046797
ENSG00000115520.8,COQ10B,72,244.7718522
ENSG00000115524.15,SF3B1,72,341.9446693
ENSG00000115561.15,CHMP3,72,341.9945363
ENSG00000115808.11,STRN,72,325.8483653
ENSG00000115816.14,CEBPZ,72,293.5562856
ENSG00000115947.13,ORC4,72,290.0619185
ENSG00000116001.15,TIA1,72,266.0597075
ENSG00000116095.10,PLEKHA3,72,200.2067652
ENSG00000116205.12,TCEANC2,72,256.4580227
ENSG00000116209.11,TMEM59,72,275.9157063
ENSG00000116213.15,WRAP73,72,228.2018096
ENSG00000116266.10,STXBP3,72,365.5322347
ENSG00000116406.18,EDEM3,72,245.3728325
ENSG00000116459.10,ATP5F1,72,234.3705313
ENSG00000116473.14,RAP1A,72,308.9279972
ENSG00000116489.12,CAPZA1,72,323.011509
ENSG00000116497.17,S100PBP,72,203.0550238
ENSG00000116668.12,SWT1,72,262.0529033
ENSG00000116685.15,KIAA2013,72,207.2386394
ENSG00000116731.22,PRDM2,72,298.7520422
ENSG00000116747.12,TROVE2,72,355.8630188
ENSG00000116815.15,CD58,72,288.8168019
ENSG00000116903.7,EXOC8,72,313.808729
ENSG00000116906.11,GNPAT,72,255.7229031
ENSG00000117118.9,SDHB,72,225.924491
ENSG00000117151.12,CTBS,72,290.7581322
ENSG00000117153.15,KLHL12,72,382.3805797
ENSG00000117222.13,RBBP5,72,395.307284
ENSG00000117298.14,ECE1,72,253.9447377
ENSG00000117335.19,CD46,72,223.1270964
ENSG00000117475.13,BLZF1,72,318.3978942
ENSG00000117500.12,TMED5,72,308.7045824
ENSG00000117505.12,DR1,72,354.8653715
ENSG00000117528.11,ABCD3,72,207.4862539
ENSG00000117614.9,SYF2,72,378.2968641
ENSG00000117616.17,RSRP1,72,232.0025337
ENSG00000117676.13,RPS6KA1,72,255.1490233
ENSG00000117697.14,NSL1,72,318.8089143
ENSG00000117713.18,ARID1A,72,287.1750669
ENSG00000117751.17,PPP1R8,72,302.8999406
ENSG00000117862.11,TXNDC12,72,325.3851796
ENSG00000118007.12,STAG1,72,358.4842134
ENSG00000118197.13,DDX59,72,379.5263297
ENSG00000118217.5,ATF6,72,249.711203
ENSG00000118260.14,CREB1,72,363.1815492
ENSG00000118308.15,LRMP,72,265.9616465
ENSG00000118518.15,RNF146,72,227.0688133
ENSG00000118564.14,FBXL5,72,277.727046
ENSG00000118579.12,MED28,72,355.368298
ENSG00000118855.18,MFSD1,72,279.582751
ENSG00000118873.15,RAB3GAP2,72,368.3371225
ENSG00000118960.12,HS1BP3,72,230.834676
ENSG00000119314.15,PTBP3,72,218.2832509
ENSG00000119328.11,FAM206A,72,350.6155771
ENSG00000119392.14,GLE1,72,344.8761448
ENSG00000119396.10,RAB14,72,453.1344636
ENSG00000119414.11,PPP6C,72,371.2542215
ENSG00000119446.13,RBM18,72,265.5157174
ENSG00000119541.9,VPS4B,72,417.4270749
ENSG00000119616.11,FCF1,72,334.0909401
ENSG00000119638.12,NEK9,72,237.1732649
ENSG00000119682.16,AREL1,72,318.2750289
ENSG00000119720.17,NRDE2,72,290.9373114
ENSG00000119729.11,RHOQ,72,292.5211219
ENSG00000119787.13,ATL2,72,209.5293901
ENSG00000119820.10,YIPF4,72,311.9765079
ENSG00000119844.15,AFTPH,72,347.6992076
ENSG00000119899.12,SLC17A5,72,367.2651782
ENSG00000119906.11,SLF2,72,335.1590396
ENSG00000119929.12,CUTC,72,213.8923604
ENSG00000119953.12,SMNDC1,72,241.3023961
ENSG00000119979.16,FAM45A,72,332.7715708
ENSG00000120451.10,SNX19,72,293.5255548
ENSG00000120616.15,EPC1,72,357.2409459
ENSG00000120647.9,CCDC77,72,211.1861828
ENSG00000120656.11,TAF12,72,319.1700304
ENSG00000120662.15,MTRF1,72,203.2243388
ENSG00000120688.8,WBP4,72,277.6077003
ENSG00000120690.15,ELF1,72,212.9636269
ENSG00000120727.12,PAIP2,72,305.8532243
ENSG00000120733.13,KDM3B,72,354.5148026
ENSG00000120868.13,APAF1,72,279.5424824
ENSG00000120899.17,PTK2B,72,253.0334744
ENSG00000120925.15,RNF170,72,202.9907423
ENSG00000120992.17,LYPLA1,72,277.8620241
ENSG00000121022.13,COPS5,72,208.0618747
ENSG00000121067.17,SPOP,72,353.0739684
ENSG00000121481.10,RNF2,72,303.9175876
ENSG00000121486.11,TRMT1L,72,248.3482803
ENSG00000121644.18,DESI2,72,274.632929
ENSG00000121879.3,PIK3CA,72,365.7577532
ENSG00000121931.15,LRIF1,72,223.5209294
ENSG00000122008.15,POLK,72,219.4854139
ENSG00000122033.14,MTIF3,72,255.4005135
ENSG00000122042.9,UBL3,72,326.2414425
ENSG00000122257.18,RBBP6,72,255.6798529
ENSG00000122545.18,07-Sep,72,384.1359532
ENSG00000122550.17,KLHL7,72,284.5970076
ENSG00000122565.18,CBX3,72,293.2451592
ENSG00000122692.8,SMU1,72,286.8324016
ENSG00000122694.15,GLIPR2,72,264.6346211
ENSG00000123200.16,ZC3H13,72,268.2535437
ENSG00000123444.13,KBTBD4,72,240.6405775
ENSG00000123609.10,NMI,72,241.1185739
ENSG00000123643.12,SLC36A1,72,245.8991509
ENSG00000123684.12,LPGAT1,72,391.0966465
ENSG00000124164.15,VAPB,72,284.5837298
ENSG00000124209.3,RAB22A,72,399.6834247
ENSG00000124222.22,STX16,72,222.3708745
ENSG00000124275.14,MTRR,72,230.465962
ENSG00000124356.15,STAMBP,72,321.4682233
ENSG00000124422.11,USP22,72,228.3410151
ENSG00000124459.11,ZNF45,72,220.3418236
ENSG00000124659.6,TBCC,72,256.7923839
ENSG00000124688.13,MAD2L1BP,72,240.4552498
ENSG00000124783.12,SSR1,72,369.6459428
ENSG00000124786.9,SLC35B3,72,313.6221455
ENSG00000124788.17,ATXN1,72,271.2011283
ENSG00000124789.11,NUP153,72,213.7557071
ENSG00000124831.18,LRRFIP1,72,302.1903701
ENSG00000125149.11,C16orf70,72,329.727081
ENSG00000125304.8,TM9SF2,72,332.0194342
ENSG00000125449.6,ARMC7,72,208.727056
ENSG00000125510.15,OPRL1,72,213.396641
ENSG00000125779.21,PANK2,72,404.7589237
ENSG00000125827.8,TMX4,72,280.1749805
ENSG00000125834.12,STK35,72,284.0456772
ENSG00000125871.13,MGME1,72,242.6349264
ENSG00000125875.13,TBC1D20,72,237.8750382
ENSG00000125900.12,SIRPD,72,221.1202201
ENSG00000125945.14,ZNF436,72,211.0421801
ENSG00000126070.19,AGO3,72,269.251603
ENSG00000126216.13,TUBGCP3,72,342.0292522
ENSG00000126391.13,FRMD8,72,284.6114575
ENSG00000126581.12,BECN1,72,395.7220583
ENSG00000126653.17,NSRP1,72,229.5850695
ENSG00000126773.12,PCNX4,72,213.3618408
ENSG00000126858.16,RHOT1,72,274.2372864
ENSG00000127125.8,PPCS,72,324.9644143
ENSG00000127314.17,RAP1B,72,323.0110873
ENSG00000127663.14,KDM4B,72,220.9993514
ENSG00000127720.7,METTL25,72,233.6267091
ENSG00000127870.16,RNF6,72,319.3148482
ENSG00000127993.15,RBM48,72,298.6459074
ENSG00000128607.13,KLHDC10,72,365.3989901
ENSG00000128699.13,ORMDL1,72,292.8708689
ENSG00000128923.10,MINDY2,72,212.3316288
ENSG00000128989.10,ARPP19,72,343.9401461
ENSG00000129007.14,CALML4,72,217.6633969
ENSG00000129071.9,MBD4,72,415.7171477
ENSG00000129083.12,COPB1,72,412.2468686
ENSG00000129128.12,SPCS3,72,397.6631464
ENSG00000129353.14,SLC44A2,72,224.5190088
ENSG00000129465.15,RIPK3,72,211.1532737
ENSG00000129515.18,SNX6,72,440.1243845
ENSG00000129518.8,EAPP,72,245.6469882
ENSG00000129534.13,MIS18BP1,72,264.5223556
ENSG00000129625.12,REEP5,72,315.4104867
ENSG00000129636.12,ITFG1,72,303.3310539
ENSG00000129691.15,ASH2L,72,283.8354102
ENSG00000129696.12,TTI2,72,209.925082
ENSG00000129933.20,MAU2,72,359.3230289
ENSG00000130429.12,ARPC1B,72,221.8084003
ENSG00000130703.15,OSBPL2,72,213.5323624
ENSG00000130749.9,ZC3H4,72,228.3234158
ENSG00000130779.19,CLIP1,72,304.1385656
ENSG00000130939.18,UBE4B,72,342.9557505
ENSG00000131013.3,PPIL4,72,287.3020694
ENSG00000131051.22,RBM39,72,206.1560713
ENSG00000131100.12,ATP6V1E1,72,225.9896099
ENSG00000131165.14,CHMP1A,72,223.4776708
ENSG00000131236.16,CAP1,72,258.0752706
ENSG00000131389.16,SLC6A6,72,198.9265748
ENSG00000131467.10,PSME3,72,253.2008896
ENSG00000131503.20,ANKHD1,72,204.1349206
ENSG00000131507.10,NDFIP1,72,395.9792238
ENSG00000131732.11,ZCCHC9,72,256.2021347
ENSG00000131779.10,PEX11B,72,213.6444496
ENSG00000131931.8,THAP1,72,252.1180524
ENSG00000131966.13,ACTR10,72,306.5512831
ENSG00000132010.15,ZNF20,72,221.4525523
ENSG00000132294.14,EFR3A,72,254.0425329
ENSG00000132356.11,PRKAA1,72,248.3789186
ENSG00000132388.12,UBE2G1,72,349.9761936
ENSG00000132424.14,PNISR,72,230.1295614
ENSG00000132581.9,SDF2,72,259.4553472
ENSG00000132694.18,ARHGEF11,72,237.8818459
ENSG00000132824.13,SERINC3,72,283.7932776
ENSG00000132825.6,PPP1R3D,72,216.2446588
ENSG00000132842.13,AP3B1,72,367.6198429
ENSG00000132912.12,DCTN4,72,237.7226223
ENSG00000133059.16,DSTYK,72,255.1284729
ENSG00000133302.12,SLF1,72,245.2471027
ENSG00000133318.13,RTN3,72,253.8554044
ENSG00000133704.9,IPO8,72,388.7609236
ENSG00000133731.9,IMPA1,72,265.863306
ENSG00000133794.17,ARNTL,72,316.1128728
ENSG00000133858.15,ZFC3H1,72,284.034917
ENSG00000133961.19,NUMB,72,212.7311186
ENSG00000133997.11,MED6,72,247.5878496
ENSG00000134046.11,MBD2,72,241.8547757
ENSG00000134058.11,CDK7,72,315.7066461
ENSG00000134086.7,VHL,72,322.4107451
ENSG00000134108.12,ARL8B,72,233.0856304
ENSG00000134153.9,EMC7,72,246.2383746
ENSG00000134186.11,PRPF38B,72,245.0840045
ENSG00000134255.13,CEPT1,72,326.9181355
ENSG00000134265.12,NAPG,72,241.3829786
ENSG00000134313.15,KIDINS220,72,288.777933
ENSG00000134318.13,ROCK2,72,318.8990041
ENSG00000134352.19,IL6ST,72,262.4177427
ENSG00000134371.10,CDC73,72,250.0266642
ENSG00000134444.13,KIAA1468,72,232.3305726
ENSG00000134698.10,AGO4,72,324.1515268
ENSG00000134717.17,BTF3L4,72,250.0038643
ENSG00000134851.12,TMEM165,72,203.8945185
ENSG00000134905.16,CARS2,72,249.0127034
ENSG00000134982.16,APC,72,288.0649144
ENSG00000134996.11,OSTF1,72,295.0427609
ENSG00000135090.13,TAOK3,72,304.6862082
ENSG00000135250.16,SRPK2,72,202.9147432
ENSG00000135269.17,TES,72,239.8497362
ENSG00000135315.11,CEP162,72,258.812953
ENSG00000135317.12,SNX14,72,317.6100776
ENSG00000135341.17,MAP3K7,72,360.1458903
ENSG00000135392.15,DNAJC14,72,324.388173
ENSG00000135457.9,TFCP2,72,277.0674438
ENSG00000135482.6,ZC3H10,72,263.4236204
ENSG00000135535.15,CD164,72,297.1642458
ENSG00000135604.9,STX11,72,205.8642689
ENSG00000135677.10,GNS,72,209.0818027
ENSG00000135709.12,KIAA0513,72,218.9293368
ENSG00000135766.8,EGLN1,72,240.1473452
ENSG00000135823.13,STX6,72,207.8657888
ENSG00000135828.11,RNASEL,72,279.4540731
ENSG00000135842.16,FAM129A,72,212.2641894
ENSG00000135870.11,RC3H1,72,305.8372019
ENSG00000135900.3,MRPL44,72,317.9804453
ENSG00000135930.13,EIF4E2,72,239.7690639
ENSG00000135932.10,CAB39,72,260.345785
ENSG00000135956.8,TMEM127,72,244.9225907
ENSG00000135974.9,C2orf49,72,357.1841656
ENSG00000135999.11,EPC2,72,331.9822953
ENSG00000136040.8,PLXNC1,72,263.8726585
ENSG00000136044.11,APPL2,72,274.088226
ENSG00000136051.13,WASHC4,72,278.2782497
ENSG00000136100.12,VPS36,72,280.7460942
ENSG00000136144.11,RCBTB1,72,248.5232508
ENSG00000136146.14,MED4,72,418.046239
ENSG00000136156.12,ITM2B,72,271.822515
ENSG00000136161.12,RCBTB2,72,222.9772123
ENSG00000136238.17,RAC1,72,256.2167062
ENSG00000136280.15,CCM2,72,211.8685691
ENSG00000136381.12,IREB2,72,339.4118409
ENSG00000136404.15,TM6SF1,72,291.527886
ENSG00000136450.12,SRSF1,72,322.055937
ENSG00000136451.8,VEZF1,72,453.1584934
ENSG00000136536.14,07-Mar,72,359.1428063
ENSG00000136560.13,TANK,72,350.5478325
ENSG00000136643.11,RPS6KC1,72,218.6046723
ENSG00000136731.12,UGGT1,72,198.4613269
ENSG00000136754.16,ABI1,72,233.8556708
ENSG00000136758.18,YME1L1,72,356.2253551
ENSG00000136816.15,TOR1B,72,206.0066507
ENSG00000136827.11,TOR1A,72,284.5187565
ENSG00000136870.10,ZNF189,72,277.7294406
ENSG00000136932.13,TRMO,72,316.4897773
ENSG00000137177.19,KIF13A,72,225.1106685
ENSG00000137207.11,YIPF3,72,227.8569467
ENSG00000137275.13,RIPK1,72,315.6860794
ENSG00000137413.15,TAF8,72,300.3392211
ENSG00000137414.5,FAM8A1,72,295.4607913
ENSG00000137509.10,PRCP,72,245.9378392
ENSG00000137642.12,SORL1,72,206.025198
ENSG00000137776.16,SLTM,72,414.7225839
ENSG00000137845.14,ADAM10,72,391.1413223
ENSG00000137947.11,GTF2B,72,317.8248289
ENSG00000137996.12,RTCA,72,270.3363664
ENSG00000138029.13,HADHB,72,267.8089343
ENSG00000138032.20,PPM1B,72,212.3060307
ENSG00000138071.13,ACTR2,72,363.7719648
ENSG00000138081.20,FBXO11,72,265.0918304
ENSG00000138185.18,ENTPD1,72,268.3034543
ENSG00000138231.12,DBR1,72,219.2298949
ENSG00000138279.15,ANXA7,72,247.7473225
ENSG00000138381.9,ASNSD1,72,200.1678488
ENSG00000138386.16,NAB1,72,227.7421198
ENSG00000138398.15,PPIG,72,227.7767368
ENSG00000138434.16,SSFA2,72,251.4581988
ENSG00000138459.8,SLC35A5,72,368.9568328
ENSG00000138463.8,DIRC2,72,210.2840848
ENSG00000138496.16,PARP9,72,228.31184
ENSG00000138592.13,USP8,72,442.8789345
ENSG00000138594.13,TMOD3,72,239.7147576
ENSG00000138600.9,SPPL2A,72,332.3023704
ENSG00000138613.13,APH1B,72,244.4594639
ENSG00000138641.15,HERC3,72,210.0498957
ENSG00000138768.14,USO1,72,346.2533195
ENSG00000138785.14,INTS12,72,231.430705
ENSG00000138814.16,PPP3CA,72,340.504642
ENSG00000138942.15,RNF185,72,247.2522477
ENSG00000139178.10,C1RL,72,285.8317596
ENSG00000139218.17,SCAF11,72,407.0944054
ENSG00000139233.6,LLPH,72,283.4071203
ENSG00000139433.9,GLTP,72,242.9106223
ENSG00000139436.20,GIT2,72,422.7337462
ENSG00000139505.11,MTMR6,72,353.4881414
ENSG00000139508.14,SLC46A3,72,249.6729857
ENSG00000139644.12,TMBIM6,72,358.4371236
ENSG00000139668.8,WDFY2,72,201.9316044
ENSG00000139687.13,RB1,72,224.7941786
ENSG00000139697.13,SBNO1,72,428.7602433
ENSG00000139718.10,SETD1B,72,211.9392755
ENSG00000139719.9,VPS33A,72,237.405896
ENSG00000139746.15,RBM26,72,200.0113625
ENSG00000139826.5,ABHD13,72,224.5746355
ENSG00000139921.12,TMX1,72,237.2485934
ENSG00000139946.9,PELI2,72,206.3780572
ENSG00000140030.5,GPR65,72,205.6989782
ENSG00000140153.17,WDR20,72,423.170885
ENSG00000140157.14,NIPA2,72,373.2269016
ENSG00000140199.11,SLC12A6,72,333.665767
ENSG00000140259.6,MFAP1,72,238.3703739
ENSG00000140299.11,BNIP2,72,264.0352404
ENSG00000140350.15,ANP32A,72,212.366621
ENSG00000140455.16,USP3,72,404.0228664
ENSG00000140526.17,ABHD2,72,214.8514786
ENSG00000140575.12,IQGAP1,72,247.1343727
ENSG00000140632.16,GLYR1,72,357.0426259
ENSG00000140830.8,TXNL4B,72,264.2260244
ENSG00000140992.18,PDPK1,72,228.3902222
ENSG00000141012.12,GALNS,72,202.5717064
ENSG00000141219.15,C17orf80,72,304.5451084
ENSG00000141279.15,NPEPPS,72,359.56981
ENSG00000141298.17,SSH2,72,256.6827472
ENSG00000141367.11,CLTC,72,309.945964
ENSG00000141424.12,SLC39A6,72,205.0817159
ENSG00000141425.17,RPRD1A,72,268.9506354
ENSG00000141428.16,C18orf21,72,204.7157229
ENSG00000141429.13,GALNT1,72,309.7527273
ENSG00000141646.13,SMAD4,72,410.5499975
ENSG00000141968.7,VAV1,72,227.2207484
ENSG00000142166.12,IFNAR1,72,247.972413
ENSG00000142599.17,RERE,72,226.1929762
ENSG00000142634.12,EFHD2,72,253.1062259
ENSG00000142687.17,KIAA0319L,72,198.8166406
ENSG00000142867.12,BCL10,72,389.5296467
ENSG00000142961.14,MOB3C,72,269.6839915
ENSG00000143013.12,LMO4,72,247.7258396
ENSG00000143119.12,CD53,72,286.8604472
ENSG00000143149.12,ALDH9A1,72,221.2056013
ENSG00000143155.12,TIPRL,72,331.287541
ENSG00000143207.19,RFWD2,72,392.7224985
ENSG00000143226.13,FCGR2A,72,198.5681779
ENSG00000143252.14,SDHC,72,252.6111643
ENSG00000143324.13,XPR1,72,201.4437976
ENSG00000143337.18,TOR1AIP1,72,426.0295334
ENSG00000143363.15,PRUNE1,72,293.1156766
ENSG00000143373.17,ZNF687,72,201.636432
ENSG00000143376.12,SNX27,72,255.4788621
ENSG00000143379.12,SETDB1,72,285.4686946
ENSG00000143384.12,MCL1,72,239.4833957
ENSG00000143418.19,CERS2,72,262.5812739
ENSG00000143553.10,SNAPIN,72,213.547722
ENSG00000143570.17,SLC39A1,72,263.8930091
ENSG00000143612.19,C1orf43,72,220.5655746
ENSG00000143633.12,C1orf131,72,278.9919308
ENSG00000143669.13,LYST,72,245.0343374
ENSG00000143753.12,DEGS1,72,211.9246692
ENSG00000143756.11,FBXO28,72,350.2092601
ENSG00000143815.14,LBR,72,282.6395765
ENSG00000143933.16,CALM2,72,225.2599838
ENSG00000143952.19,VPS54,72,238.818611
ENSG00000143970.16,ASXL2,72,299.5926712
ENSG00000144040.12,SFXN5,72,245.3617057
ENSG00000144048.10,DUSP11,72,401.9259173
ENSG00000144233.9,AMMECR1L,72,292.1065151
ENSG00000144306.14,SCRN3,72,262.2110076
ENSG00000144357.16,UBR3,72,298.1461426
ENSG00000144445.16,KANSL1L,72,249.5654672
ENSG00000144455.13,SUMF1,72,274.4279816
ENSG00000144566.10,RAB5A,72,214.8052131
ENSG00000144579.7,CTDSP1,72,227.9577789
ENSG00000144635.8,DYNC1LI1,72,427.2652655
ENSG00000144744.16,UBA3,72,349.371332
ENSG00000144746.6,ARL6IP5,72,338.6899791
ENSG00000144747.15,TMF1,72,264.4125289
ENSG00000144815.15,NXPE3,72,322.9513387
ENSG00000144909.7,OSBPL11,72,359.4474618
ENSG00000145388.14,METTL14,72,273.3745711
ENSG00000145439.11,CBR4,72,304.8397258
ENSG00000145569.5,FAM105A,72,210.1129263
ENSG00000145715.14,RASA1,72,334.2030817
ENSG00000145725.19,PPIP5K2,72,206.7236132
ENSG00000145740.18,SLC30A5,72,320.6801939
ENSG00000145779.7,TNFAIP8,72,272.5319604
ENSG00000145782.12,ATG12,72,347.9561674
ENSG00000145817.16,YIPF5,72,291.3954288
ENSG00000145860.11,RNF145,72,279.6685465
ENSG00000145868.16,FBXO38,72,365.0525003
ENSG00000146085.7,MUT,72,282.4818493
ENSG00000146282.17,RARS2,72,243.7848909
ENSG00000146425.10,DYNLT1,72,263.8088319
ENSG00000146457.14,WTAP,72,288.4149446
ENSG00000146476.10,ARMT1,72,254.9311926
ENSG00000146676.8,PURB,72,290.864628
ENSG00000146729.9,GBAS,72,259.513866
ENSG00000146802.12,TMEM168,72,251.6143654
ENSG00000146872.17,TLK2,72,270.9371241
ENSG00000147471.11,PROSC,72,214.1408946
ENSG00000147526.19,TACC1,72,264.7374096
ENSG00000147533.16,GOLGA7,72,318.499635
ENSG00000147679.11,UTP23,72,224.3626526
ENSG00000148110.15,MFSD14B,72,317.5972082
ENSG00000148153.13,INIP,72,336.5081703
ENSG00000148358.19,GPR107,72,424.8156315
ENSG00000148411.7,NACC2,72,251.9241463
ENSG00000148481.13,MINDY3,72,233.8710852
ENSG00000148572.15,NRBF2,72,245.7205417
ENSG00000148634.15,HERC4,72,330.0188166
ENSG00000148660.20,CAMK2G,72,236.9140619
ENSG00000148700.14,ADD3,72,228.2856227
ENSG00000148925.10,BTBD10,72,271.4624539
ENSG00000149177.12,PTPRJ,72,361.3562726
ENSG00000149187.17,CELF1,72,246.628595
ENSG00000149231.11,CCDC82,72,234.0380377
ENSG00000149313.10,AASDHPPT,72,267.3825268
ENSG00000149346.14,SLX4IP,72,219.0103713
ENSG00000149357.9,LAMTOR1,72,222.9916785
ENSG00000149532.15,CPSF7,72,272.3448101
ENSG00000150054.18,MPP7,72,217.8851722
ENSG00000150455.13,TIRAP,72,269.6282522
ENSG00000150457.8,LATS2,72,212.0361991
ENSG00000150459.12,SAP18,72,200.5763078
ENSG00000150527.16,CTAGE5,72,356.4786852
ENSG00000150776.17,C11orf57,72,239.496746
ENSG00000151116.16,UEVLD,72,324.8414107
ENSG00000151148.13,UBE3B,72,337.5587435
ENSG00000151233.10,GXYLT1,72,200.0002887
ENSG00000151239.13,TWF1,72,219.5886869
ENSG00000151292.17,CSNK1G3,72,243.567135
ENSG00000151461.19,UPF2,72,355.3157726
ENSG00000151553.14,FAM160B1,72,250.3983993
ENSG00000151576.10,QTRT2,72,245.5723206
ENSG00000151657.11,KIN,72,339.0404796
ENSG00000151694.12,ADAM17,72,234.995541
ENSG00000151702.16,FLI1,72,335.9252556
ENSG00000151948.11,GLT1D1,72,215.7630963
ENSG00000152102.17,FAM168B,72,201.4424198
ENSG00000152213.3,ARL11,72,225.8324518
ENSG00000152291.13,TGOLN2,72,235.5787559
ENSG00000152443.12,ZNF776,72,289.1597314
ENSG00000152457.17,DCLRE1C,72,254.4897523
ENSG00000152520.13,PAN3,72,244.5660265
ENSG00000152683.14,SLC30A6,72,397.5553177
ENSG00000152700.13,SAR1B,72,202.0126559
ENSG00000152804.10,HHEX,72,212.6334661
ENSG00000152904.11,GGPS1,72,298.2168183
ENSG00000153029.14,MR1,72,305.6227142
ENSG00000153037.13,SRP19,72,256.0639968
ENSG00000153147.5,SMARCA5,72,309.3901679
ENSG00000153179.12,RASSF3,72,279.8076011
ENSG00000153214.9,TMEM87B,72,277.9822743
ENSG00000153250.19,RBMS1,72,255.8940499
ENSG00000153310.19,FAM49B,72,258.7477031
ENSG00000153339.13,TRAPPC8,72,428.6127532
ENSG00000153767.9,GTF2E1,72,308.8708425
ENSG00000153786.12,ZDHHC7,72,346.3761718
ENSG00000153827.13,TRIP12,72,302.0037541
ENSG00000153936.16,HS2ST1,72,236.507626
ENSG00000154127.9,UBASH3B,72,248.3326043
ENSG00000154642.10,C21orf91,72,277.9913625
ENSG00000154727.10,GABPA,72,323.5267767
ENSG00000154767.14,XPC,72,222.1216591
ENSG00000154813.9,DPH3,72,206.8856607
ENSG00000154845.15,PPP4R1,72,281.484985
ENSG00000154889.16,MPPE1,72,256.865175
ENSG00000154957.13,ZNF18,72,207.9900919
ENSG00000155111.14,CDK19,72,323.3288872
ENSG00000155393.12,HEATR3,72,264.7494728
ENSG00000155729.12,KCTD18,72,349.2471074
ENSG00000155827.11,RNF20,72,322.5501233
ENSG00000155957.17,TMBIM4,72,340.0251452
ENSG00000156052.10,GNAQ,72,234.5693804
ENSG00000156256.14,USP16,72,278.5302243
ENSG00000156273.15,BACH1,72,261.4495292
ENSG00000156599.10,ZDHHC5,72,264.4567028
ENSG00000156642.16,NPTN,72,271.4323052
ENSG00000156675.15,RAB11FIP1,72,216.6823825
ENSG00000156735.10,BAG4,72,253.0484268
ENSG00000156875.13,MFSD14A,72,326.2060558
ENSG00000157106.16,SMG1,72,256.5419894
ENSG00000157184.6,CPT2,72,202.6530335
ENSG00000157350.12,ST3GAL2,72,222.3486744
ENSG00000157450.15,RNF111,72,261.5962209
ENSG00000157538.13,DSCR3,72,434.5123196
ENSG00000157823.16,AP3S2,72,241.6953063
ENSG00000157916.19,RER1,72,375.2011723
ENSG00000158109.14,TPRG1L,72,219.1265202
ENSG00000158161.15,EYA3,72,276.765605
ENSG00000158201.9,ABHD3,72,218.2898892
ENSG00000158435.7,CNOT11,72,246.5883837
ENSG00000158480.10,SPATA2,72,280.0241828
ENSG00000159110.19,IFNAR2,72,257.3207233
ENSG00000159128.14,IFNGR2,72,198.2929996
ENSG00000159140.19,SON,72,241.2652294
ENSG00000159256.12,MORC3,72,245.4586047
ENSG00000159314.11,ARHGAP27,72,302.277099
ENSG00000159322.17,ADPGK,72,257.6189091
ENSG00000159348.12,CYB5R1,72,205.3153008
ENSG00000159352.15,PSMD4,72,209.6145419
ENSG00000159579.13,RSPRY1,72,406.7144309
ENSG00000159592.10,GPBP1L1,72,311.9875263
ENSG00000159596.6,TMEM69,72,251.5895089
ENSG00000159842.14,ABR,72,226.5244197
ENSG00000159885.13,ZNF222,72,205.2951485
ENSG00000160087.20,UBE2J2,72,297.7266341
ENSG00000160199.14,PKNOX1,72,256.8618332
ENSG00000160310.17,PRMT2,72,235.3328152
ENSG00000160551.11,TAOK1,72,310.3703586
ENSG00000160679.12,CHTOP,72,325.4294474
ENSG00000160685.13,ZBTB7B,72,232.7724098
ENSG00000160710.15,ADAR,72,254.7933446
ENSG00000160712.12,IL6R,72,262.8959575
ENSG00000160714.9,UBE2Q1,72,298.7206212
ENSG00000160785.13,SLC25A44,72,268.7313374
ENSG00000160961.11,ZNF333,72,250.3590937
ENSG00000160991.15,ORAI2,72,201.7479031
ENSG00000161021.11,MAML1,72,394.0736902
ENSG00000161533.11,ACOX1,72,298.0906612
ENSG00000162222.13,TTC9C,72,222.8473731
ENSG00000162378.12,ZYG11B,72,281.3303191
ENSG00000162441.11,LZIC,72,303.9680381
ENSG00000162600.11,OMA1,72,219.9627905
ENSG00000162604.12,TM2D1,72,327.4838495
ENSG00000162607.12,USP1,72,282.4851874
ENSG00000162639.15,HENMT1,72,237.224671
ENSG00000162642.13,C1orf52,72,313.194147
ENSG00000162695.11,SLC30A7,72,321.6657033
ENSG00000162704.15,ARPC5,72,247.6524841
ENSG00000162819.11,BROX,72,390.7434637
ENSG00000162869.15,PPP1R21,72,443.6406618
ENSG00000162928.8,PEX13,72,288.3055861
ENSG00000162959.13,MEMO1,72,207.5627988
ENSG00000162972.10,MAIP1,72,254.5853292
ENSG00000163029.15,SMC6,72,206.6871477
ENSG00000163041.9,H3F3A,72,277.3787482
ENSG00000163162.8,RNF149,72,243.2396465
ENSG00000163166.14,IWS1,72,211.074363
ENSG00000163249.11,CCNYL1,72,224.0284756
ENSG00000163297.16,ANTXR2,72,302.2931101
ENSG00000163466.15,ARPC2,72,233.714775
ENSG00000163510.13,CWC22,72,426.6233732
ENSG00000163513.17,TGFBR2,72,364.8986089
ENSG00000163545.8,NUAK2,72,221.9715511
ENSG00000163565.18,IFI16,72,295.9880439
ENSG00000163636.10,PSMD6,72,312.824309
ENSG00000163681.14,SLMAP,72,282.2824757
ENSG00000163683.11,SMIM14,72,348.6638533
ENSG00000163684.11,RPP14,72,242.8892882
ENSG00000163694.14,RBM47,72,199.058492
ENSG00000163743.13,RCHY1,72,237.7935755
ENSG00000163781.12,TOPBP1,72,349.0105601
ENSG00000163798.13,SLC4A1AP,72,254.4180994
ENSG00000163807.5,KIAA1143,72,254.3894538
ENSG00000163840.9,DTX3L,72,250.098817
ENSG00000163848.19,ZNF148,72,404.8000788
ENSG00000163877.10,SNIP1,72,280.9236181
ENSG00000163904.12,SENP2,72,357.8737918
ENSG00000163932.13,PRKCD,72,275.4797837
ENSG00000163946.13,FAM208A,72,346.0076414
ENSG00000163960.11,UBXN7,72,336.1943104
ENSG00000164031.16,DNAJB14,72,290.4377762
ENSG00000164073.9,MFSD8,72,200.4290104
ENSG00000164074.14,ABHD18,72,380.947158
ENSG00000164088.17,PPM1M,72,207.8195855
ENSG00000164117.13,FBXO8,72,355.3137378
ENSG00000164144.15,ARFIP1,72,215.8761494
ENSG00000164168.7,TMEM184C,72,367.2020142
ENSG00000164187.6,LMBRD2,72,214.8420139
ENSG00000164190.17,NIPBL,72,304.4958618
ENSG00000164209.16,SLC25A46,72,223.7812908
ENSG00000164219.9,PGGT1B,72,314.1568081
ENSG00000164252.12,AGGF1,72,345.6781025
ENSG00000164253.13,WDR41,72,256.5336464
ENSG00000164305.18,CASP3,72,292.6282644
ENSG00000164329.13,PAPD4,72,259.4314294
ENSG00000164331.9,ANKRA2,72,235.3547393
ENSG00000164332.7,UBLCP1,72,351.046038
ENSG00000164347.17,GFM2,72,278.6516283
ENSG00000164414.17,SLC35A1,72,199.8461066
ENSG00000164506.14,STXBP5,72,276.3850444
ENSG00000164576.11,SAP30L,72,247.8029865
ENSG00000164609.9,SLU7,72,389.7568952
ENSG00000164631.18,ZNF12,72,272.0235623
ENSG00000164751.14,PEX2,72,255.7090135
ENSG00000164754.14,RAD21,72,213.3500399
ENSG00000164808.16,SPIDR,72,321.9446049
ENSG00000164938.13,TP53INP1,72,278.9419255
ENSG00000164941.13,INTS8,72,389.2488078
ENSG00000164944.11,KIAA1429,72,352.8703833
ENSG00000164961.15,WASHC5,72,257.9987305
ENSG00000164970.14,FAM219A,72,286.8250961
ENSG00000164983.7,TMEM65,72,301.4303955
ENSG00000164985.14,PSIP1,72,254.250332
ENSG00000165025.14,SYK,72,319.4156535
ENSG00000165097.13,KDM1B,72,218.1753243
ENSG00000165118.14,C9orf64,72,231.3296581
ENSG00000165119.20,HNRNPK,72,308.0660216
ENSG00000165355.7,FBXO33,72,277.6836809
ENSG00000165417.11,GTF2A1,72,246.5695967
ENSG00000165476.13,REEP3,72,302.5382523
ENSG00000165487.13,MICU2,72,399.5623868
ENSG00000165525.17,NEMF,72,261.9907798
ENSG00000165660.7,FAM175B,72,297.1278735
ENSG00000165669.13,FAM204A,72,244.2242645
ENSG00000165672.6,PRDX3,72,282.3912397
ENSG00000165678.20,GHITM,72,371.508915
ENSG00000165813.18,CCDC186,72,245.2961638
ENSG00000165934.12,CPSF2,72,317.5698397
ENSG00000166024.13,R3HCC1L,72,255.209711
ENSG00000166130.14,IKBIP,72,199.780198
ENSG00000166135.13,HIF1AN,72,299.0702529
ENSG00000166188.2,ZNF319,72,267.4798838
ENSG00000166225.8,FRS2,72,274.3535396
ENSG00000166272.16,WBP1L,72,273.4765539
ENSG00000166478.9,ZNF143,72,274.4653358
ENSG00000166479.9,TMX3,72,240.5840209
ENSG00000166501.12,PRKCB,72,363.294137
ENSG00000166548.15,TK2,72,306.6150064
ENSG00000166734.18,CASC4,72,327.9526713
ENSG00000166855.9,CLPX,72,263.1493417
ENSG00000166900.15,STX3,72,215.3794374
ENSG00000166912.16,MTMR10,72,275.2193466
ENSG00000166913.12,YWHAB,72,236.9162383
ENSG00000166946.13,CCNDBP1,72,209.2998514
ENSG00000166971.16,AKTIP,72,335.8663851
ENSG00000167065.13,DUSP18,72,242.2915786
ENSG00000167186.10,COQ7,72,253.7856416
ENSG00000167193.7,CRK,72,349.0594871
ENSG00000167202.11,TBC1D2B,72,221.0336703
ENSG00000167208.14,SNX20,72,210.0292366
ENSG00000167384.10,ZNF180,72,204.2690273
ENSG00000167395.10,ZNF646,72,259.2183061
ENSG00000167447.12,SMG8,72,239.9256813
ENSG00000167528.12,ZNF641,72,293.1649294
ENSG00000167562.12,ZNF701,72,288.1605933
ENSG00000167977.8,KCTD5,72,317.4827727
ENSG00000167985.6,SDHAF2,72,252.5543592
ENSG00000168036.16,CTNNB1,72,328.5823394
ENSG00000168092.13,PAFAH1B2,72,463.0562289
ENSG00000168172.8,HOOK3,72,300.7260595
ENSG00000168216.10,LMBRD1,72,367.2312272
ENSG00000168246.5,UBTD2,72,208.4075818
ENSG00000168288.12,MMADHC,72,210.4246318
ENSG00000168310.10,IRF2,72,312.1719943
ENSG00000168385.17,02-Sep,72,211.9712368
ENSG00000168404.12,MLKL,72,224.6786107
ENSG00000168438.14,CDC40,72,402.9607872
ENSG00000168522.12,FNTA,72,257.8579227
ENSG00000168538.15,TRAPPC11,72,279.6484413
ENSG00000168564.5,CDKN2AIP,72,223.6000468
ENSG00000168566.12,SNRNP48,72,305.5755649
ENSG00000168612.4,ZSWIM1,72,231.9963351
ENSG00000168710.17,AHCYL1,72,272.0184467
ENSG00000168807.16,SNTB2,72,207.8823626
ENSG00000168876.8,ANKRD49,72,252.4015964
ENSG00000168884.14,TNIP2,72,228.5604206
ENSG00000168887.10,C2orf68,72,365.2617808
ENSG00000168906.12,MAT2A,72,224.9649067
ENSG00000169018.5,FEM1B,72,248.5904891
ENSG00000169118.17,CSNK1G1,72,393.6925052
ENSG00000169220.17,RGS14,72,281.881593
ENSG00000169299.13,PGM2,72,265.0325004
ENSG00000169372.12,CRADD,72,209.0617509
ENSG00000169554.18,ZEB2,72,212.3697928
ENSG00000169612.3,FAM103A1,72,237.5859401
ENSG00000169714.16,CNBP,72,241.4659274
ENSG00000169871.12,TRIM56,72,244.7619069
ENSG00000169926.10,KLF13,72,260.8840491
ENSG00000170006.11,TMEM154,72,198.1711024
ENSG00000170190.15,SLC16A5,72,243.0832328
ENSG00000170234.12,PWWP2A,72,342.8625989
ENSG00000170248.13,PDCD6IP,72,281.353491
ENSG00000170471.14,RALGAPB,72,314.1952379
ENSG00000170540.14,ARL6IP1,72,214.9728508
ENSG00000170571.11,EMB,72,213.014532
ENSG00000170619.9,COMMD5,72,250.8370092
ENSG00000170633.16,RNF34,72,391.5280745
ENSG00000170653.18,ATF7,72,219.5149751
ENSG00000170759.10,KIF5B,72,290.2525711
ENSG00000170802.15,FOXN2,72,274.1373707
ENSG00000170836.11,PPM1D,72,305.3830778
ENSG00000170837.2,GPR27,72,207.2310954
ENSG00000170852.10,KBTBD2,72,408.1434501
ENSG00000170871.11,KIAA0232,72,339.2476113
ENSG00000170876.7,TMEM43,72,383.948034
ENSG00000170881.4,RNF139,72,233.4937597
ENSG00000171055.14,FEZ2,72,360.1924876
ENSG00000171109.18,MFN1,72,378.1341918
ENSG00000171148.13,TADA3,72,229.8685675
ENSG00000171169.8,NAIF1,72,280.1465472
ENSG00000171206.13,TRIM8,72,270.117047
ENSG00000171302.16,CANT1,72,270.0347342
ENSG00000171469.10,ZNF561,72,260.2934779
ENSG00000171475.13,WIPF2,72,329.3772649
ENSG00000171497.4,PPID,72,245.485516
ENSG00000171503.11,ETFDH,72,212.8979887
ENSG00000171608.15,PIK3CD,72,285.9698154
ENSG00000171700.13,RGS19,72,273.3074557
ENSG00000171763.18,SPATA5L1,72,265.8974415
ENSG00000171777.15,RASGRP4,72,233.9841952
ENSG00000171853.15,TRAPPC12,72,213.5073277
ENSG00000171928.13,TVP23B,72,263.5197068
ENSG00000171940.13,ZNF217,72,305.5568248
ENSG00000172086.7,KRCC1,72,234.5070922
ENSG00000172123.12,SLFN12,72,224.2901353
ENSG00000172197.10,MBOAT1,72,218.1708274
ENSG00000172409.5,CLP1,72,271.0850577
ENSG00000172466.15,ZNF24,72,406.7841527
ENSG00000172667.10,ZMAT3,72,277.1453984
ENSG00000172795.15,DCP2,72,307.3812628
ENSG00000172936.12,MYD88,72,318.6557095
ENSG00000172954.13,LCLAT1,72,242.4549292
ENSG00000173011.11,TADA2B,72,354.242771
ENSG00000173085.13,COQ2,72,243.6760413
ENSG00000173153.13,ESRRA,72,235.7529066
ENSG00000173171.14,MTX1,72,200.0853097
ENSG00000173545.4,ZNF622,72,240.8500045
ENSG00000173614.13,NMNAT1,72,222.4989565
ENSG00000173638.18,SLC19A1,72,202.6841042
ENSG00000173757.9,STAT5B,72,297.4847393
ENSG00000174106.2,LEMD3,72,226.9675103
ENSG00000174125.7,TLR1,72,218.0382807
ENSG00000174130.12,TLR6,72,235.0214072
ENSG00000174151.14,CYB561D1,72,210.1881639
ENSG00000174456.13,C12orf76,72,262.5080773
ENSG00000174574.15,AKIRIN1,72,296.3444346
ENSG00000174579.3,MSL2,72,291.3490269
ENSG00000174606.13,ANGEL2,72,215.4860918
ENSG00000174695.9,TMEM167A,72,286.1257828
ENSG00000174720.15,LARP7,72,273.4487892
ENSG00000174749.5,C4orf32,72,211.9141237
ENSG00000174796.12,THAP6,72,279.4730694
ENSG00000174799.10,CEP135,72,208.857287
ENSG00000175029.16,CTBP2,72,351.7080725
ENSG00000175073.7,VCPIP1,72,360.0472119
ENSG00000175104.14,TRAF6,72,206.4132395
ENSG00000175137.10,SH3BP5L,72,255.8259484
ENSG00000175155.8,YPEL2,72,251.5802637
ENSG00000175215.10,CTDSP2,72,286.0812243
ENSG00000175220.11,ARHGAP1,72,218.304257
ENSG00000175376.8,EIF1AD,72,244.3850422
ENSG00000175387.15,SMAD2,72,322.816565
ENSG00000175471.19,MCTP1,72,214.0356295
ENSG00000175606.10,TMEM70,72,238.9591282
ENSG00000175895.3,PLEKHF2,72,256.4974783
ENSG00000175938.6,ORAI3,72,201.8492146
ENSG00000176018.12,LYSMD3,72,261.4699749
ENSG00000176095.11,IP6K1,72,253.9790315
ENSG00000176390.11,CRLF3,72,415.5169904
ENSG00000176407.17,KCMF1,72,252.3529791
ENSG00000176438.12,SYNE3,72,249.8895842
ENSG00000176463.13,SLCO3A1,72,249.1866077
ENSG00000176623.11,RMDN1,72,253.0659234
ENSG00000176853.15,FAM91A1,72,287.4467099
ENSG00000176871.8,WSB2,72,219.0746689
ENSG00000176994.10,SMCR8,72,310.8226208
ENSG00000177054.13,ZDHHC13,72,254.2262625
ENSG00000177125.5,ZBTB34,72,268.4377328
ENSG00000177406.4,RP11-218M22.1,72,246.2718929
ENSG00000177565.16,TBL1XR1,72,228.4115293
ENSG00000177663.13,IL17RA,72,238.9851805
ENSG00000177683.13,THAP5,72,242.4015144
ENSG00000177853.14,ZNF518A,72,242.6923002
ENSG00000177885.13,GRB2,72,374.6896529
ENSG00000177917.10,ARL6IP6,72,276.8257634
ENSG00000177981.10,ASB8,72,413.5860435
ENSG00000178163.7,ZNF518B,72,246.7778758
ENSG00000178537.9,SLC25A20,72,230.716406
ENSG00000178761.14,FAM219B,72,215.7353493
ENSG00000178913.7,TAF7,72,332.9381496
ENSG00000178927.17,C17orf62,72,222.2445853
ENSG00000178988.10,MRFAP1L1,72,296.8622296
ENSG00000179010.14,MRFAP1,72,295.5259235
ENSG00000179021.9,C3orf38,72,291.0250126
ENSG00000179119.14,SPTY2D1,72,296.4528893
ENSG00000179152.19,TCAIM,72,246.8530256
ENSG00000179387.9,ELMOD2,72,220.5180271
ENSG00000179454.13,KLHL28,72,204.7228099
ENSG00000179456.10,ZBTB18,72,309.9948896
ENSG00000179562.2,GCC1,72,332.721306
ENSG00000179743.4,FLJ37453,72,245.8087946
ENSG00000179918.18,SEPHS2,72,346.8107051
ENSG00000180011.6,ZADH2,72,248.2645001
ENSG00000180233.10,ZNRF2,72,295.5655621
ENSG00000180304.14,OAZ2,72,199.5617104
ENSG00000180370.10,PAK2,72,281.790097
ENSG00000180398.11,MCFD2,72,309.9908021
ENSG00000180425.11,C11orf71,72,218.2334256
ENSG00000180901.10,KCTD2,72,255.8037344
ENSG00000180979.9,LRRC57,72,238.3395003
ENSG00000181192.11,DHTKD1,72,341.9024158
ENSG00000181381.13,DDX60L,72,265.5291698
ENSG00000181481.13,RNF135,72,254.4184015
ENSG00000181852.17,RNF41,72,251.8572709
ENSG00000181904.8,C5orf24,72,244.3887487
ENSG00000181929.11,PRKAG1,72,199.1770047
ENSG00000182095.14,TNRC18,72,203.80077
ENSG00000182149.20,IST1,72,199.2660253
ENSG00000182400.14,TRAPPC6B,72,372.3119303
ENSG00000182552.14,RWDD4,72,221.6184823
ENSG00000182831.11,C16orf72,72,321.3163
ENSG00000182919.14,C11orf54,72,298.9842818
ENSG00000183044.11,ABAT,72,242.258504
ENSG00000183155.4,RABIF,72,307.4760423
ENSG00000183255.11,PTTG1IP,72,283.4767978
ENSG00000183283.15,DAZAP2,72,247.5583998
ENSG00000183291.15,SELENOF,72,346.6452657
ENSG00000183475.12,ASB7,72,384.8683308
ENSG00000183513.8,COA5,72,267.8054239
ENSG00000183530.13,PRR14L,72,395.1102091
ENSG00000183718.5,TRIM52,72,279.6125276
ENSG00000183726.10,TMEM50A,72,383.4411962
ENSG00000183735.9,TBK1,72,400.2263381
ENSG00000183891.5,TTC32,72,239.2443506
ENSG00000184209.14,SNRNP35,72,200.9434464
ENSG00000184277.12,TM2D3,72,263.9045058
ENSG00000184432.9,COPB2,72,333.4350513
ENSG00000184743.12,ATL3,72,359.6018639
ENSG00000184863.10,RBM33,72,268.0792582
ENSG00000185009.12,AP3M1,72,279.3727131
ENSG00000185033.14,SEMA4B,72,266.246756
ENSG00000185127.6,C6orf120,72,324.6410206
ENSG00000185158.12,LRRC37B,72,209.42275
ENSG00000185278.15,ZBTB37,72,199.9257013
ENSG00000185305.10,ARL15,72,307.0694641
ENSG00000185591.9,SP1,72,300.2830017
ENSG00000185728.16,YTHDF3,72,334.8638413
ENSG00000185787.14,MORF4L1,72,366.0927694
ENSG00000185798.7,WDR53,72,226.5619803
ENSG00000185811.16,IKZF1,72,209.3355607
ENSG00000185862.6,EVI2B,72,222.6571615
ENSG00000185905.3,C16orf54,72,209.5665493
ENSG00000185946.15,RNPC3,72,288.4483196
ENSG00000185963.13,BICD2,72,349.3231059
ENSG00000186130.4,ZBTB6,72,219.8858173
ENSG00000186298.11,PPP1CC,72,260.6592712
ENSG00000186517.13,ARHGAP30,72,241.2743681
ENSG00000186625.13,KATNA1,72,341.9676907
ENSG00000186812.12,ZNF397,72,329.3050811
ENSG00000186814.13,ZSCAN30,72,249.2076876
ENSG00000187049.9,TMEM216,72,234.9471702
ENSG00000187257.15,RSBN1L,72,332.9938372
ENSG00000187522.14,HSPA14,72,246.9737503
ENSG00000187866.8,FAM122A,72,350.1370543
ENSG00000188177.13,ZC3H6,72,209.8530249
ENSG00000188315.7,C3orf62,72,257.9455318
ENSG00000188554.13,NBR1,72,331.814923
ENSG00000188559.13,RALGAPA2,72,213.4648801
ENSG00000188641.12,DPYD,72,255.8369699
ENSG00000188647.12,PTAR1,72,250.2871173
ENSG00000188895.11,MSL1,72,350.7159982
ENSG00000188906.14,LRRK2,72,225.9272487
ENSG00000188921.13,HACD4,72,239.3928336
ENSG00000188938.15,FAM120AOS,72,368.6470008
ENSG00000188997.7,KCTD21,72,208.8153666
ENSG00000189050.15,RNFT1,72,359.1960111
ENSG00000189180.15,ZNF33A,72,277.7948968
ENSG00000189339.11,SLC35E2B,72,202.0694246
ENSG00000189376.11,C8orf76,72,294.8087076
ENSG00000196072.11,BLOC1S2,72,244.3324894
ENSG00000196116.7,TDRD7,72,364.600154
ENSG00000196151.10,WDSUB1,72,231.5821226
ENSG00000196199.13,MPHOSPH8,72,238.0809864
ENSG00000196233.12,LCOR,72,267.3359768
ENSG00000196387.9,ZNF140,72,216.950139
ENSG00000196455.7,PIK3R4,72,241.8332748
ENSG00000196504.15,PRPF40A,72,434.7204906
ENSG00000196505.10,GDAP2,72,366.4835555
ENSG00000196510.12,ANAPC7,72,247.9632145
ENSG00000196591.11,HDAC2,72,298.0113638
ENSG00000196652.11,ZKSCAN5,72,313.7565944
ENSG00000196663.15,TECPR2,72,203.2810213
ENSG00000196757.7,ZNF700,72,313.4277835
ENSG00000196776.14,CD47,72,301.4141585
ENSG00000196981.3,WDR5B,72,248.8020789
ENSG00000197024.8,ZNF398,72,272.6264834
ENSG00000197045.12,GMFB,72,276.7416487
ENSG00000197170.9,PSMD12,72,311.5451787
ENSG00000197223.11,C1D,72,272.7423852
ENSG00000197321.14,SVIL,72,239.6182391
ENSG00000197343.10,ZNF655,72,277.1835007
ENSG00000197442.9,MAP3K5,72,390.8711445
ENSG00000197535.14,MYO5A,72,198.4236468
ENSG00000197579.7,TOPORS,72,232.3720755
ENSG00000197601.12,FAR1,72,280.8572425
ENSG00000197619.13,ZNF615,72,261.5836852
ENSG00000197622.12,CDC42SE1,72,276.1778631
ENSG00000197724.10,PHF2,72,233.6744167
ENSG00000197771.12,MCMBP,72,422.5576972
ENSG00000197818.11,SLC9A8,72,248.5466803
ENSG00000197860.9,SGTB,72,238.5387468
ENSG00000197872.11,FAM49A,72,267.6271918
ENSG00000197943.9,PLCG2,72,199.3743172
ENSG00000197971.14,MBP,72,274.9104599
ENSG00000198001.13,IRAK4,72,372.0773739
ENSG00000198053.11,SIRPA,72,251.9855873
ENSG00000198060.9,05-Mar,72,230.5191111
ENSG00000198160.14,MIER1,72,353.6531114
ENSG00000198189.10,HSD17B11,72,289.4460831
ENSG00000198399.14,ITSN2,72,254.7267348
ENSG00000198431.15,TXNRD1,72,311.6403213
ENSG00000198586.13,TLK1,72,211.7403091
ENSG00000198604.10,BAZ1A,72,233.191033
ENSG00000198642.6,KLHL9,72,278.4541739
ENSG00000198663.16,C6orf89,72,373.9070047
ENSG00000198730.7,CTR9,72,317.1658592
ENSG00000198740.8,ZNF652,72,246.2722216
ENSG00000198771.10,RCSD1,72,227.0955501
ENSG00000198783.5,ZNF830,72,300.191978
ENSG00000198791.11,CNOT7,72,264.112109
ENSG00000198818.9,SFT2D1,72,327.5882486
ENSG00000198843.12,SELENOT,72,258.5456401
ENSG00000198862.13,LTN1,72,242.5508949
ENSG00000198909.7,MAP3K3,72,344.9208437
ENSG00000198920.9,KIAA0753,72,247.6821083
ENSG00000198961.9,PJA2,72,267.4999711
ENSG00000203705.10,TATDN3,72,272.3821222
ENSG00000204120.14,GIGYF2,72,247.671296
ENSG00000204217.13,BMPR2,72,212.4240679
ENSG00000204261.8,PSMB8-AS1,72,272.3980976
ENSG00000204370.9,SDHD,72,304.5166622
ENSG00000204439.3,C6orf47,72,260.5128212
ENSG00000204569.9,PPP1R10,72,239.2639071
ENSG00000204604.9,ZNF468,72,232.4038096
ENSG00000204713.10,TRIM27,72,245.3830662
ENSG00000205302.6,SNX2,72,269.2255694
ENSG00000205413.7,SAMD9,72,202.9999093
ENSG00000205423.11,CNEP1R1,72,322.9900819
ENSG00000205765.8,C5orf51,72,319.3708908
ENSG00000206573.8,THUMPD3-AS1,72,271.8150623
ENSG00000211455.7,STK38L,72,307.1608309
ENSG00000211456.10,SACM1L,72,320.7012644
ENSG00000213064.9,SFT2D2,72,212.5188864
ENSG00000213246.6,SUPT4H1,72,256.5402695
ENSG00000213281.4,NRAS,72,228.6702948
ENSG00000213341.10,CHUK,72,321.1742601
ENSG00000213390.10,ARHGAP19,72,306.5525274
ENSG00000213625.8,LEPROT,72,314.6660093
ENSG00000213753.10,CENPBD1P1,72,224.5524733
ENSG00000213903.8,LTB4R,72,242.910687
ENSG00000214114.8,MYCBP,72,268.7375926
ENSG00000214413.7,BBIP1,72,242.6098554
ENSG00000215067.9,ALOX12-AS1,72,230.2578934
ENSG00000215251.3,FASTKD5,72,240.7162641
ENSG00000215421.9,ZNF407,72,205.4284203
ENSG00000218283.2,MORF4L1P1,72,285.2991913
ENSG00000218739.9,CEBPZOS,72,239.7403673
ENSG00000225190.10,PLEKHM1,72,223.7409386
ENSG00000225733.5,FGD5-AS1,72,387.8146054
ENSG00000225963.7,AC009950.2,72,223.6663603
ENSG00000225973.3,PIGBOS1,72,209.6515523
ENSG00000226479.3,TMEM185B,72,275.8781618
ENSG00000227345.8,PARG,72,245.1430236
ENSG00000228638.1,FCF1P2,72,233.1391338
ENSG00000229124.6,VIM-AS1,72,251.7785684
ENSG00000233369.7,GTF2IP4,72,212.2593866
ENSG00000235750.9,KIAA0040,72,235.2613672
ENSG00000236287.7,ZBED5,72,320.3000692
ENSG00000236859.6,NIFK-AS1,72,198.8362577
ENSG00000237441.9,RGL2,72,250.5185807
ENSG00000237765.6,FAM200B,72,208.57916
ENSG00000239305.6,RNF103,72,298.7891632
ENSG00000240682.9,ISY1,72,373.3510827
ENSG00000241399.6,CD302,72,248.1011584
ENSG00000241685.9,ARPC1A,72,289.1563508
ENSG00000241839.9,PLEKHO2,72,220.6631785
ENSG00000241878.11,PISD,72,235.5878598
ENSG00000243646.9,IL10RB,72,320.518745
ENSG00000244045.12,TMEM199,72,305.5665935
ENSG00000244627.5,RP3-449O17.1,72,201.9855944
ENSG00000244754.8,N4BP2L2,72,347.6640854
ENSG00000245958.6,RP11-33B1.1,72,198.3666996
ENSG00000247315.3,ZCCHC3,72,274.1795951
ENSG00000247556.6,OIP5-AS1,72,219.0669207
ENSG00000247596.8,TWF2,72,253.8602064
ENSG00000248019.2,FAM13A-AS1,72,203.3451309
ENSG00000249709.7,ZNF564,72,339.5061409
ENSG00000249915.7,PDCD6,72,277.8754074
ENSG00000251474.6,RPL32P3,72,279.4191974
ENSG00000253276.2,CCDC71L,72,198.454231
ENSG00000253352.8,TUG1,72,306.7246244
ENSG00000253797.2,UTP14C,72,239.6714912
ENSG00000254470.2,AP5B1,72,244.9251573
ENSG00000254635.5,WAC-AS1,72,271.3928361
ENSG00000254901.7,BORCS8,72,254.278782
ENSG00000255112.2,CHMP1B,72,355.6976743
ENSG00000256683.6,ZNF350,72,368.3404377
ENSG00000257103.8,LSM14A,72,229.5572036
ENSG00000257365.7,FNTB,72,215.4485949
ENSG00000257594.3,GALNT4,72,209.5570788
ENSG00000257621.7,PSMA3-AS1,72,340.048189
ENSG00000258289.8,CHURC1,72,207.4879177
ENSG00000258659.6,TRIM34,72,278.6192347
ENSG00000260032.1,NORAD,72,332.7353359
ENSG00000260916.7,CCPG1,72,223.7704819
ENSG00000260917.1,RP11-57H14.4,72,282.3571873
ENSG00000263647.1,BPTFP1,72,271.5960041
ENSG00000264247.1,LINC00909,72,240.4272885
ENSG00000265298.1,RP13-104F24.3,72,315.0392081
ENSG00000265808.3,SEC22B,72,300.9982621
ENSG00000266820.1,KPNA2P3,72,327.0168641
ENSG00000266962.2,RP11-400F19.6,72,219.578064
ENSG00000267680.5,ZNF224,72,276.8227608
ENSG00000268001.1,CARD8-AS1,72,251.4957515
ENSG00000272325.1,NUDT3,72,268.9364888
ENSG00000272886.5,DCP1A,72,327.1362102
ENSG00000273033.2,LINC02035,72,250.3761193
ENSG00000273729.1,RP11-7F17.8,72,206.3257212
ENSG00000275052.4,PPP4R3B,72,436.8328066
ENSG00000276291.5,FRG1HP,72,270.1994213
ENSG00000277978.1,RP11-403P17.6,72,237.7144024
ENSG00000278311.4,GGNBP2,72,419.1158805
ENSG00000280088.1,RP11-135F9.3,72,251.7742065
ENSG00000281005.1,LINC00921,72,219.7626997
ENSG00000004776.12,HSPB6,74,28.40136112
ENSG00000077522.12,ACTN2,74,29.08047769
ENSG00000086967.9,MYBPC2,74,24.3904895
ENSG00000092054.12,MYH7,74,25.65891775
ENSG00000101210.10,EEF1A2,74,28.756484
ENSG00000101470.9,TNNC2,74,28.60660658
ENSG00000104879.4,CKM,74,20.7411441
ENSG00000109061.9,MYH1,74,27.30123851
ENSG00000109846.7,CRYAB,74,25.78693103
ENSG00000111245.14,MYL2,74,18.32938046
ENSG00000114854.7,TNNC1,74,25.53187431
ENSG00000121769.7,FABP3,74,28.30545253
ENSG00000125414.18,MYH2,74,25.6893845
ENSG00000128591.15,FLNC,74,28.40172801
ENSG00000143318.12,CASQ1,74,22.65709966
ENSG00000143632.14,ACTA1,74,18.21117242
ENSG00000152137.6,HSPB8,74,28.2375818
ENSG00000154553.13,PDLIM3,74,28.63301565
ENSG00000156885.5,COX6A2,74,29.07922933
ENSG00000159173.18,TNNI1,74,20.52959754
ENSG00000160808.9,MYL3,74,29.17050303
ENSG00000161281.10,COX7A1,74,27.98704292
ENSG00000168530.15,MYL1,74,28.96981544
ENSG00000170290.3,SLN,74,28.171014
ENSG00000173641.17,HSPB7,74,27.40053408
ENSG00000173991.5,TCAP,74,28.59417366
ENSG00000175084.11,DES,74,22.21752847
ENSG00000177791.11,MYOZ1,74,27.35702716
ENSG00000180209.11,MYLPF,74,28.01527307
ENSG00000182676.4,PPP1R27,74,18.78109222
ENSG00000196091.13,MYBPC1,74,28.83102652
ENSG00000196296.13,ATP2A1,74,25.54035882
ENSG00000197893.13,NRAP,74,28.1968529
ENSG00000198125.12,MB,74,22.19201069
ENSG00000239474.6,KLHL41,74,25.43935628
ENSG00000091583.10,APOH,75,17.11539822
ENSG00000104760.16,FGL1,75,5.750844975
ENSG00000105398.3,SULT2A1,75,13.67817568
ENSG00000106927.11,AMBP,75,18.48018138
ENSG00000109072.13,VTN,75,9.293127926
ENSG00000110245.11,APOC3,75,13.39498817
ENSG00000113905.4,HRG,75,16.90137008
ENSG00000118137.9,APOA1,75,17.2361357
ENSG00000118271.9,TTR,75,13.86835125
ENSG00000130208.9,APOC1,75,13.75022081
ENSG00000130649.9,CYP2E1,75,17.63370506
ENSG00000132703.3,APCS,75,13.15730074
ENSG00000136872.17,ALDOB,75,17.80427938
ENSG00000138207.13,RBP4,75,17.6985817
ENSG00000145192.12,AHSG,75,17.34459069
ENSG00000145321.12,GC,75,18.54905729
ENSG00000148965.9,SAA4,75,17.45440851
ENSG00000158874.11,APOA2,75,14.79031787
ENSG00000160868.14,CYP3A4,75,12.78409868
ENSG00000163586.9,FABP1,75,15.92882768
ENSG00000163631.16,ALB,75,7.374915635
ENSG00000165828.14,PRAP1,75,12.34613334
ENSG00000171557.16,FGG,75,16.33099101
ENSG00000171560.14,FGA,75,14.66151961
ENSG00000171564.11,FGB,75,15.13392011
ENSG00000172482.4,AGXT,75,18.67304574
ENSG00000187758.7,ADH1A,75,15.56238358
ENSG00000198099.8,ADH4,75,13.50840007
ENSG00000234906.9,APOC2,75,20.15272645
ENSG00000243955.5,GSTA1,75,14.47234806
ENSG00000248144.5,ADH1C,75,15.73358964
