gene_id,gene,module,kTotal_input
ENSG00000001629.9,ANKIB1,34,224.3834788
ENSG00000001631.15,KRIT1,34,267.6648988
ENSG00000003056.7,M6PR,34,235.1759039
ENSG00000004487.15,KDM1A,34,220.6845546
ENSG00000004766.15,VPS50,34,161.216096
ENSG00000004897.11,CDC27,34,177.1666888
ENSG00000004975.11,DVL2,34,219.0245633
ENSG00000005100.12,DHX33,34,240.8847048
ENSG00000005194.14,CIAPIN1,34,200.9989039
ENSG00000005700.14,IBTK,34,236.8561459
ENSG00000005801.16,ZNF195,34,189.7365255
ENSG00000005810.17,MYCBP2,34,211.0347266
ENSG00000006194.9,ZNF263,34,239.4603152
ENSG00000006451.7,RALA,34,191.0152351
ENSG00000006530.15,AGK,34,200.5201307
ENSG00000006695.10,COX10,34,207.0138297
ENSG00000006744.18,ELAC2,34,194.2307849
ENSG00000007168.12,PAFAH1B1,34,206.4002515
ENSG00000007202.14,KIAA0100,34,234.3161316
ENSG00000007923.15,DNAJC11,34,220.7248791
ENSG00000008838.19,MED24,34,187.8831176
ENSG00000009335.17,UBE3C,34,319.7934156
ENSG00000009780.15,FAM76A,34,236.3527117
ENSG00000009954.10,BAZ1B,34,258.7717048
ENSG00000010244.18,ZNF207,34,229.7471581
ENSG00000010322.15,NISCH,34,183.4479961
ENSG00000011007.12,ELOA,34,199.9599033
ENSG00000011260.13,UTP18,34,178.4427079
ENSG00000011275.18,RNF216,34,200.8848036
ENSG00000011295.15,TTC19,34,164.1025655
ENSG00000011304.19,PTBP1,34,197.7521565
ENSG00000011405.13,PIK3C2A,34,186.0731373
ENSG00000012963.14,UBR7,34,307.0323171
ENSG00000013288.8,MAN2B2,34,227.1999288
ENSG00000013523.9,ANGEL1,34,179.7695007
ENSG00000015133.18,CCDC88C,34,210.9427155
ENSG00000015171.19,ZMYND11,34,171.2298027
ENSG00000015676.17,NUDCD3,34,248.4274228
ENSG00000017260.19,ATP2C1,34,266.0402691
ENSG00000018510.13,AGPS,34,168.2539663
ENSG00000020922.12,MRE11,34,191.6994921
ENSG00000021776.10,AQR,34,265.5461722
ENSG00000023228.13,NDUFS1,34,249.2666846
ENSG00000023516.8,AKAP11,34,209.7128685
ENSG00000023734.10,STRAP,34,233.6743999
ENSG00000025800.13,KPNA6,34,226.8129762
ENSG00000028310.17,BRD9,34,293.6920458
ENSG00000029725.16,RABEP1,34,327.5488901
ENSG00000030066.13,NUP160,34,266.9330671
ENSG00000031823.14,RANBP3,34,232.4832557
ENSG00000033050.7,ABCF2,34,213.9859391
ENSG00000035141.7,FAM136A,34,168.41433
ENSG00000035928.15,RFC1,34,289.9058901
ENSG00000036549.12,ZZZ3,34,199.265321
ENSG00000037474.14,NSUN2,34,287.0103717
ENSG00000038358.14,EDC4,34,237.5885236
ENSG00000039123.15,SKIV2L2,34,286.003814
ENSG00000041802.10,LSG1,34,233.4302002
ENSG00000042088.13,TDP1,34,192.4189844
ENSG00000047188.15,YTHDC2,34,201.7050932
ENSG00000047346.12,FAM214A,34,159.9161505
ENSG00000048405.9,ZNF800,34,188.5801781
ENSG00000048544.5,MRPS10,34,209.8914595
ENSG00000048991.16,R3HDM1,34,202.5255044
ENSG00000049656.13,CLPTM1L,34,199.766098
ENSG00000050426.15,LETMD1,34,223.7937394
ENSG00000050748.17,MAPK9,34,208.104914
ENSG00000052841.14,TTC17,34,329.6938693
ENSG00000054611.13,TBC1D22A,34,178.6514974
ENSG00000054983.16,GALC,34,175.4345114
ENSG00000055070.16,SZRD1,34,195.7195904
ENSG00000055130.15,CUL1,34,245.2789625
ENSG00000060339.13,CCAR1,34,234.3282333
ENSG00000060688.12,SNRNP40,34,173.7756393
ENSG00000061936.9,SFSWAP,34,192.0921733
ENSG00000062485.18,CS,34,187.6273215
ENSG00000063046.17,EIF4B,34,194.3319294
ENSG00000063244.12,U2AF2,34,188.9825713
ENSG00000063322.13,MED29,34,199.1329981
ENSG00000063978.15,RNF4,34,267.7985074
ENSG00000064313.11,TAF2,34,280.162162
ENSG00000064607.16,SUGP2,34,214.4217368
ENSG00000064703.11,DDX20,34,199.146824
ENSG00000064726.9,BTBD1,34,310.9214298
ENSG00000064933.17,PMS1,34,159.9788684
ENSG00000065000.15,AP3D1,34,218.255281
ENSG00000065029.14,ZNF76,34,198.8067708
ENSG00000065150.18,IPO5,34,224.6892512
ENSG00000065427.14,KARS,34,181.7769169
ENSG00000066044.14,ELAVL1,34,246.2144827
ENSG00000066117.14,SMARCD1,34,194.4426014
ENSG00000066654.13,THUMPD1,34,243.4971166
ENSG00000067167.7,TRAM1,34,254.700444
ENSG00000067248.9,DHX29,34,201.0198002
ENSG00000067704.9,IARS2,34,219.4766623
ENSG00000067955.13,CBFB,34,218.1605593
ENSG00000068120.14,COASY,34,203.281038
ENSG00000068796.16,KIF2A,34,188.9009301
ENSG00000068912.13,ERLEC1,34,203.7424865
ENSG00000069248.11,NUP133,34,287.9830367
ENSG00000069275.12,NUCKS1,34,161.9497601
ENSG00000070047.11,PHRF1,34,204.6523272
ENSG00000070061.14,IKBKAP,34,258.985008
ENSG00000070610.14,GBA2,34,192.1966527
ENSG00000070770.8,CSNK2A2,34,229.7217185
ENSG00000070814.17,TCOF1,34,168.606928
ENSG00000071073.12,MGAT4A,34,184.9077909
ENSG00000071127.16,WDR1,34,169.0229943
ENSG00000071462.11,WBSCR22,34,204.7958731
ENSG00000071626.16,DAZAP1,34,216.5410843
ENSG00000071994.10,PDCD2,34,255.3473821
ENSG00000072121.15,ZFYVE26,34,175.1905936
ENSG00000073584.18,SMARCE1,34,344.1562533
ENSG00000074266.19,EED,34,188.5211867
ENSG00000075415.12,SLC25A3,34,179.1036949
ENSG00000075711.20,DLG1,34,244.5800106
ENSG00000075790.10,BCAP29,34,168.4857201
ENSG00000075856.11,SART3,34,320.7481914
ENSG00000076242.14,MLH1,34,168.718203
ENSG00000076321.10,KLHL20,34,262.7360194
ENSG00000077097.15,TOP2B,34,250.837313
ENSG00000077147.14,TM9SF3,34,331.8754007
ENSG00000077232.17,DNAJC10,34,188.0536319
ENSG00000078070.12,MCCC1,34,185.449965
ENSG00000078369.17,GNB1,34,163.3945991
ENSG00000078403.16,MLLT10,34,215.7458039
ENSG00000078808.16,SDF4,34,191.7274517
ENSG00000079134.11,THOC1,34,191.5798525
ENSG00000079332.14,SAR1A,34,215.5509384
ENSG00000079387.13,SENP1,34,287.7179611
ENSG00000079785.14,DDX1,34,165.8043397
ENSG00000079974.17,RABL2B,34,192.4084242
ENSG00000079999.13,KEAP1,34,172.79844
ENSG00000081014.10,AP4E1,34,208.1655887
ENSG00000081154.11,PCNP,34,179.6186614
ENSG00000081307.12,UBA5,34,160.5678166
ENSG00000081721.11,DUSP12,34,207.8313473
ENSG00000081791.8,KIAA0141,34,237.4587901
ENSG00000082153.17,BZW1,34,184.7431103
ENSG00000082213.17,C5orf22,34,271.9888875
ENSG00000083093.9,PALB2,34,168.9694605
ENSG00000083097.14,DOPEY1,34,198.0355829
ENSG00000083544.13,TDRD3,34,181.9110893
ENSG00000084090.13,STARD7,34,201.8710883
ENSG00000084092.6,NOA1,34,208.0364557
ENSG00000084463.7,WBP11,34,181.3715813
ENSG00000084652.15,TXLNA,34,248.0828749
ENSG00000085377.13,PREP,34,205.2611577
ENSG00000085415.15,SEH1L,34,169.6420842
ENSG00000085449.14,WDFY1,34,159.687261
ENSG00000085511.19,MAP3K4,34,271.2349631
ENSG00000085721.12,RRN3,34,204.0884126
ENSG00000085760.14,MTIF2,34,253.5957311
ENSG00000085788.13,DDHD2,34,170.4259179
ENSG00000085978.21,ATG16L1,34,177.3301754
ENSG00000085998.13,POMGNT1,34,193.8221412
ENSG00000086102.18,NFX1,34,290.4894912
ENSG00000086189.9,DIMT1,34,261.6722555
ENSG00000086475.14,SEPHS1,34,162.2373486
ENSG00000086619.13,ERO1B,34,170.5756403
ENSG00000087111.20,PIGS,34,164.3688669
ENSG00000087263.16,OGFOD1,34,192.658056
ENSG00000087269.15,NOP14,34,239.0553764
ENSG00000087470.17,DNM1L,34,252.1521122
ENSG00000088205.12,DDX18,34,286.84222
ENSG00000088247.17,KHSRP,34,223.0119166
ENSG00000088876.11,ZNF343,34,174.8648816
ENSG00000089006.16,SNX5,34,198.0134042
ENSG00000089022.13,MAPKAPK5,34,287.5995876
ENSG00000089053.12,ANAPC5,34,200.5691514
ENSG00000089094.18,KDM2B,34,207.774313
ENSG00000089154.10,GCN1,34,246.0794479
ENSG00000090470.14,PDCD7,34,264.1602882
ENSG00000090581.9,GNPTG,34,185.5483347
ENSG00000090615.14,GOLGA3,34,203.9906829
ENSG00000090905.18,TNRC6A,34,273.3167698
ENSG00000091947.9,TMEM101,34,171.7901248
ENSG00000092201.9,SUPT16H,34,277.8498257
ENSG00000092439.13,TRPM7,34,264.808779
ENSG00000094880.10,CDC23,34,262.810536
ENSG00000095319.14,NUP188,34,169.0104623
ENSG00000099381.17,SETD1A,34,159.9310963
ENSG00000099821.13,POLRMT,34,203.7047727
ENSG00000099899.14,TRMT2A,34,190.9515718
ENSG00000099904.15,ZDHHC8,34,192.4357538
ENSG00000099949.18,LZTR1,34,167.7123236
ENSG00000100023.18,PPIL2,34,252.8024911
ENSG00000100099.20,HPS4,34,179.7614193
ENSG00000100105.17,PATZ1,34,182.6165286
ENSG00000100138.13,SNU13,34,195.9607557
ENSG00000100150.16,DEPDC5,34,239.355536
ENSG00000100220.11,RTCB,34,181.850029
ENSG00000100227.17,POLDIP3,34,264.3820601
ENSG00000100239.15,PPP6R2,34,235.8693186
ENSG00000100281.13,HMGXB4,34,176.1886573
ENSG00000100324.13,TAB1,34,174.282337
ENSG00000100335.13,MIEF1,34,231.4107122
ENSG00000100353.17,EIF3D,34,197.6691053
ENSG00000100395.14,L3MBTL2,34,220.8032891
ENSG00000100403.11,ZC3H7B,34,241.7128281
ENSG00000100426.6,ZBED4,34,171.7860996
ENSG00000100564.8,PIGH,34,192.5122115
ENSG00000100650.15,SRSF5,34,159.4616693
ENSG00000100726.14,TELO2,34,160.8510651
ENSG00000100796.17,PPP4R3A,34,329.8060801
ENSG00000100813.14,ACIN1,34,213.4188944
ENSG00000100941.8,PNN,34,167.167195
ENSG00000101019.21,UQCC1,34,207.3279262
ENSG00000101158.13,NELFCD,34,231.0472185
ENSG00000101166.15,PRELID3B,34,251.9679206
ENSG00000101181.17,MTG2,34,167.3639915
ENSG00000101191.16,DIDO1,34,262.1862949
ENSG00000101266.17,CSNK2A1,34,251.1259943
ENSG00000101361.16,NOP56,34,172.924864
ENSG00000101365.20,IDH3B,34,166.7897702
ENSG00000101391.20,CDK5RAP1,34,258.2698796
ENSG00000101442.9,ACTR5,34,195.8646536
ENSG00000101452.14,DHX35,34,202.0690411
ENSG00000101557.14,USP14,34,177.7084406
ENSG00000102753.9,KPNA3,34,263.1936659
ENSG00000102974.14,CTCF,34,211.5489907
ENSG00000103018.16,CYB5B,34,202.1251805
ENSG00000103047.7,TANGO6,34,176.9316026
ENSG00000103061.12,SLC7A6OS,34,192.5769034
ENSG00000103064.13,SLC7A6,34,187.3613811
ENSG00000103091.14,WDR59,34,191.5203442
ENSG00000103275.19,UBE2I,34,223.2750153
ENSG00000103356.15,EARS2,34,160.3041372
ENSG00000103423.13,DNAJA3,34,256.4845006
ENSG00000103591.12,AAGAB,34,229.946176
ENSG00000103932.11,RPAP1,34,175.9405847
ENSG00000104164.10,BLOC1S6,34,228.3338303
ENSG00000104228.12,TRIM35,34,201.5371096
ENSG00000104299.14,INTS9,34,218.626748
ENSG00000104365.13,IKBKB,34,243.5754813
ENSG00000104442.9,ARMC1,34,177.932542
ENSG00000104613.11,INTS10,34,259.0044408
ENSG00000104853.15,CLPTM1,34,158.9909189
ENSG00000104980.7,TIMM44,34,163.3191429
ENSG00000105127.8,AKAP8,34,289.6047933
ENSG00000105171.9,POP4,34,160.6545673
ENSG00000105176.17,URI1,34,245.0013372
ENSG00000105197.10,TIMM50,34,166.5316723
ENSG00000105298.13,CACTIN,34,228.6919344
ENSG00000105341.18,ATP5SL,34,159.7828307
ENSG00000105576.15,TNPO2,34,178.36869
ENSG00000105618.13,PRPF31,34,171.6695753
ENSG00000105705.15,SUGP1,34,216.5014269
ENSG00000105726.16,ATP13A1,34,185.4542157
ENSG00000105819.13,PMPCB,34,294.4229529
ENSG00000105821.14,DNAJC2,34,187.2970464
ENSG00000106100.10,NOD1,34,177.1630392
ENSG00000106244.12,PDAP1,34,195.8145747
ENSG00000106246.17,PTCD1,34,191.2647781
ENSG00000106290.14,TAF6,34,160.051029
ENSG00000106344.8,RBM28,34,218.1327918
ENSG00000106346.11,USP42,34,176.4488223
ENSG00000106524.8,ANKMY2,34,184.1090868
ENSG00000106609.16,TMEM248,34,329.0120583
ENSG00000106635.7,BCL7B,34,204.8609488
ENSG00000106682.14,EIF4H,34,234.3485216
ENSG00000106723.16,SPIN1,34,191.8285794
ENSG00000107021.15,TBC1D13,34,164.5235615
ENSG00000107164.15,FUBP3,34,263.0936832
ENSG00000107362.13,ABHD17B,34,169.3778643
ENSG00000107404.19,DVL1,34,183.0725765
ENSG00000107581.12,EIF3A,34,191.0985499
ENSG00000107625.12,DDX50,34,225.0712722
ENSG00000107643.15,MAPK8,34,164.4921527
ENSG00000107651.12,SEC23IP,34,312.9810412
ENSG00000107669.17,ATE1,34,202.3170088
ENSG00000107672.14,NSMCE4A,34,181.5469665
ENSG00000107758.15,PPP3CB,34,270.9148329
ENSG00000107862.4,GBF1,34,165.6189842
ENSG00000107937.18,GTPBP4,34,267.378898
ENSG00000107951.14,MTPAP,34,194.5710919
ENSG00000108021.19,FAM208B,34,225.0463536
ENSG00000108312.14,UBTF,34,197.3849489
ENSG00000108395.13,TRIM37,34,171.5237149
ENSG00000108433.16,GOSR2,34,191.9633485
ENSG00000108443.13,RPS6KB1,34,300.2435749
ENSG00000108559.11,NUP88,34,172.4824233
ENSG00000108578.14,BLMH,34,187.9976356
ENSG00000108591.9,DRG2,34,234.7891928
ENSG00000108604.15,SMARCD2,34,217.2042222
ENSG00000108651.9,UTP6,34,240.7382223
ENSG00000108671.9,PSMD11,34,199.5146795
ENSG00000109065.11,NAT9,34,165.9050185
ENSG00000109606.12,DHX15,34,372.3338677
ENSG00000109618.11,SEPSECS,34,164.7096528
ENSG00000109670.13,FBXW7,34,180.0316333
ENSG00000109689.15,STIM2,34,194.9706863
ENSG00000109917.10,ZPR1,34,212.8928827
ENSG00000109920.12,FNBP4,34,195.5426543
ENSG00000110048.11,OSBP,34,332.8355381
ENSG00000110107.8,PRPF19,34,164.5319868
ENSG00000110108.9,TMEM109,34,176.6436662
ENSG00000110274.15,CEP164,34,164.818869
ENSG00000110435.11,PDHX,34,177.7881043
ENSG00000110583.12,NAA40,34,201.2521114
ENSG00000110696.9,C11orf58,34,288.1592053
ENSG00000110851.11,PRDM4,34,166.114162
ENSG00000110925.6,CSRNP2,34,213.0916709
ENSG00000111145.7,ELK3,34,190.2797384
ENSG00000111203.11,ITFG2,34,226.0502521
ENSG00000111300.9,NAA25,34,210.3807424
ENSG00000111358.13,GTF2H3,34,193.6161167
ENSG00000111361.12,EIF2B1,34,270.4031466
ENSG00000111364.15,DDX55,34,250.6960302
ENSG00000111412.5,C12orf49,34,170.3469476
ENSG00000111481.9,COPZ1,34,162.3705952
ENSG00000111530.12,CAND1,34,308.2188294
ENSG00000111581.9,NUP107,34,196.6379257
ENSG00000111596.11,CNOT2,34,316.9015613
ENSG00000111605.16,CPSF6,34,293.202954
ENSG00000111615.13,KRR1,34,183.1898875
ENSG00000111652.9,COPS7A,34,230.2818786
ENSG00000111667.13,USP5,34,160.6746707
ENSG00000111711.9,GOLT1B,34,194.8653617
ENSG00000111880.15,RNGTT,34,190.8408803
ENSG00000112144.15,ICK,34,210.6586933
ENSG00000112159.11,MDN1,34,165.0565841
ENSG00000112249.13,ASCC3,34,170.4453916
ENSG00000112365.4,ZBTB24,34,202.5151075
ENSG00000112592.13,TBP,34,302.5673821
ENSG00000112685.13,EXOC2,34,210.5321663
ENSG00000112992.16,NNT,34,191.6004328
ENSG00000112996.10,MRPS30,34,219.4830705
ENSG00000113013.12,HSPA9,34,205.7302032
ENSG00000113048.16,MRPS27,34,271.9641613
ENSG00000113360.16,DROSHA,34,208.7394412
ENSG00000113456.18,RAD1,34,196.1181716
ENSG00000113522.13,RAD50,34,221.9233995
ENSG00000113569.15,NUP155,34,214.3705654
ENSG00000113583.7,C5orf15,34,265.2106344
ENSG00000113621.14,TXNDC15,34,235.7403383
ENSG00000113643.8,RARS,34,167.4720156
ENSG00000113649.11,TCERG1,34,242.9190023
ENSG00000113658.16,SMAD5,34,163.3531425
ENSG00000113716.12,HMGXB3,34,180.7947496
ENSG00000113812.13,ACTR8,34,193.3628269
ENSG00000113838.12,TBCCD1,34,185.3987246
ENSG00000114062.18,UBE3A,34,239.3475538
ENSG00000114439.18,BBX,34,219.7437369
ENSG00000114503.10,NCBP2,34,308.0955612
ENSG00000114544.16,SLC41A3,34,181.4567137
ENSG00000114850.6,SSR3,34,162.21416
ENSG00000114982.17,KANSL3,34,180.869765
ENSG00000115053.15,NCL,34,186.7575171
ENSG00000115073.7,ACTR1B,34,187.5333039
ENSG00000115207.13,GTF3C2,34,240.5274541
ENSG00000115211.15,EIF2B4,34,165.812623
ENSG00000115239.21,ASB3,34,233.4199428
ENSG00000115241.10,PPM1G,34,168.1577297
ENSG00000115275.11,MOGS,34,207.7944252
ENSG00000115282.19,TTC31,34,239.9509643
ENSG00000115365.11,LANCL1,34,176.3282257
ENSG00000115368.9,WDR75,34,231.7121816
ENSG00000115419.12,GLS,34,229.8221406
ENSG00000115568.15,ZNF142,34,200.8374972
ENSG00000115694.14,STK25,34,226.2038611
ENSG00000115761.15,NOL10,34,197.5031935
ENSG00000115806.12,GORASP2,34,248.7103419
ENSG00000115825.9,PRKD3,34,234.3854625
ENSG00000115827.13,DCAF17,34,211.6755392
ENSG00000115866.10,DARS,34,181.1688406
ENSG00000115966.16,ATF2,34,187.2926946
ENSG00000116062.14,MSH6,34,172.6297977
ENSG00000116138.12,DNAJC16,34,250.0855504
ENSG00000116171.17,SCP2,34,174.6562261
ENSG00000116455.13,WDR77,34,202.5077987
ENSG00000116478.11,HDAC1,34,227.5494958
ENSG00000116521.10,SCAMP3,34,161.7964704
ENSG00000116560.10,SFPQ,34,254.2307702
ENSG00000116580.18,GON4L,34,161.0560433
ENSG00000116750.13,UCHL5,34,240.7909613
ENSG00000116754.13,SRSF11,34,247.3151222
ENSG00000116957.12,TBCE,34,163.4486713
ENSG00000116984.12,MTR,34,161.2487005
ENSG00000117133.10,RPF1,34,163.3974738
ENSG00000117360.12,PRPF3,34,175.0177681
ENSG00000117362.12,APH1A,34,193.3427791
ENSG00000117385.15,P3H1,34,199.5831885
ENSG00000117533.14,VAMP4,34,220.4781121
ENSG00000117640.17,MTFR1L,34,208.2093024
ENSG00000117682.16,DHDDS,34,247.3265235
ENSG00000117868.15,ESYT2,34,222.2813956
ENSG00000117899.10,MESDC2,34,225.9881142
ENSG00000118246.13,FASTKD2,34,167.589268
ENSG00000118363.11,SPCS2,34,186.628619
ENSG00000118454.12,ANKRD13C,34,161.7550333
ENSG00000119041.10,GTF3C3,34,238.6386861
ENSG00000119231.10,SENP5,34,278.9361863
ENSG00000119285.10,HEATR1,34,173.4996769
ENSG00000119335.16,SET,34,206.7929606
ENSG00000119487.16,MAPKAP1,34,261.8454509
ENSG00000119523.9,ALG2,34,261.2709789
ENSG00000119688.20,ABCD4,34,217.146444
ENSG00000119689.14,DLST,34,284.488518
ENSG00000119707.13,RBM25,34,242.507623
ENSG00000119725.18,ZNF410,34,188.7217003
ENSG00000119760.15,SUPT7L,34,283.0957165
ENSG00000119912.15,IDE,34,199.9668306
ENSG00000119977.20,TCTN3,34,182.216588
ENSG00000120008.15,WDR11,34,236.5374208
ENSG00000120029.12,C10orf76,34,239.2656029
ENSG00000120159.11,CAAP1,34,166.8632245
ENSG00000120253.13,NUP43,34,167.0184874
ENSG00000120314.18,WDR55,34,230.5181801
ENSG00000120686.11,UFM1,34,245.2359579
ENSG00000120798.16,NR2C1,34,172.8587678
ENSG00000120802.13,TMPO,34,159.5277491
ENSG00000120805.13,ARL1,34,171.3515633
ENSG00000120948.16,TARDBP,34,330.9263572
ENSG00000120963.11,ZNF706,34,188.2725754
ENSG00000121057.12,AKAP1,34,182.3194131
ENSG00000121058.4,COIL,34,256.8829595
ENSG00000121671.11,CRY2,34,219.0865732
ENSG00000121774.17,KHDRBS1,34,274.416143
ENSG00000121892.14,PDS5A,34,310.7990154
ENSG00000122068.12,FYTTD1,34,195.2205124
ENSG00000122376.11,FAM35A,34,203.3189891
ENSG00000122390.17,NAA60,34,168.7064441
ENSG00000122512.14,PMS2,34,171.6944893
ENSG00000122912.14,SLC25A16,34,224.9951324
ENSG00000122958.14,VPS26A,34,186.987811
ENSG00000122965.10,RBM19,34,199.571283
ENSG00000123064.12,DDX54,34,183.470118
ENSG00000123124.13,WWP1,34,189.4242622
ENSG00000123268.8,ATF1,34,200.3556209
ENSG00000123607.14,TTC21B,34,173.6718074
ENSG00000123737.12,EXOSC9,34,187.0903865
ENSG00000124160.11,NCOA5,34,195.1478586
ENSG00000124193.14,SRSF6,34,265.3230826
ENSG00000124198.8,ARFGEF2,34,180.9924102
ENSG00000124207.16,CSE1L,34,175.080938
ENSG00000124226.10,RNF114,34,165.2736516
ENSG00000124380.10,SNRNP27,34,178.9159208
ENSG00000124383.8,MPHOSPH10,34,190.3502208
ENSG00000124532.14,MRS2,34,278.1718852
ENSG00000124535.15,WRNIP1,34,233.7269759
ENSG00000124541.6,RRP36,34,192.2807337
ENSG00000124571.17,XPO5,34,251.0531526
ENSG00000124574.14,ABCC10,34,172.6993262
ENSG00000124596.16,OARD1,34,195.3882862
ENSG00000124608.4,AARS2,34,181.8896887
ENSG00000124784.8,RIOK1,34,239.1862905
ENSG00000124795.14,DEK,34,188.2172098
ENSG00000125386.15,FAM193A,34,169.5119467
ENSG00000125447.16,GGA3,34,162.5637009
ENSG00000125450.10,NUP85,34,172.4932646
ENSG00000125482.12,TTF1,34,226.2365659
ENSG00000125485.17,DDX31,34,159.4908294
ENSG00000125686.11,MED1,34,213.7602705
ENSG00000125755.18,SYMPK,34,169.7358963
ENSG00000125944.18,HNRNPR,34,246.6531338
ENSG00000125977.6,EIF2S2,34,167.4219066
ENSG00000126001.15,CEP250,34,167.1218898
ENSG00000126226.21,PCID2,34,216.1410044
ENSG00000126261.12,UBA2,34,239.4739683
ENSG00000126698.10,DNAJC8,34,222.4506879
ENSG00000126749.14,EMG1,34,165.9931368
ENSG00000126777.17,KTN1,34,192.1649813
ENSG00000126804.13,ZBTB1,34,171.3115377
ENSG00000127054.20,INTS11,34,181.5959348
ENSG00000127334.10,DYRK2,34,171.7336192
ENSG00000127463.13,EMC1,34,166.5279588
ENSG00000127483.17,HP1BP3,34,186.7980764
ENSG00000127804.12,METTL16,34,189.0422299
ENSG00000127837.9,AAMP,34,168.6911218
ENSG00000127980.15,PEX1,34,240.8939645
ENSG00000127995.16,CASD1,34,171.0104177
ENSG00000128159.11,TUBGCP6,34,170.4239666
ENSG00000128463.12,EMC4,34,198.0106564
ENSG00000128534.7,LSM8,34,181.4192849
ENSG00000128563.13,PRKRIP1,34,202.8793406
ENSG00000128789.20,PSMG2,34,180.2527774
ENSG00000128908.15,INO80,34,274.7183327
ENSG00000128915.11,ICE2,34,217.4562882
ENSG00000128928.8,IVD,34,171.1802272
ENSG00000129003.15,VPS13C,34,191.4174182
ENSG00000129103.17,SUMF2,34,189.8512248
ENSG00000129187.14,DCTD,34,249.6431068
ENSG00000129197.14,RPAIN,34,229.0477283
ENSG00000129245.11,FXR2,34,174.7242828
ENSG00000129315.10,CCNT1,34,165.3431373
ENSG00000129347.19,KRI1,34,200.4359902
ENSG00000129351.17,ILF3,34,228.9736118
ENSG00000130024.14,PHF10,34,207.7727521
ENSG00000130299.16,GTPBP3,34,159.1976983
ENSG00000130311.10,DDA1,34,193.9836718
ENSG00000130348.11,QRSL1,34,167.4739238
ENSG00000130414.11,NDUFA10,34,210.3455202
ENSG00000130559.18,CAMSAP1,34,175.4961771
ENSG00000130638.16,ATXN10,34,198.5555363
ENSG00000130713.15,EXOSC2,34,219.0952642
ENSG00000130717.12,UCK1,34,214.3888141
ENSG00000130764.9,LRRC47,34,220.7163109
ENSG00000130803.14,ZNF317,34,277.8561414
ENSG00000130810.19,PPAN,34,170.5003106
ENSG00000130816.14,DNMT1,34,159.2356323
ENSG00000130935.9,NOL11,34,202.8701211
ENSG00000131023.12,LATS1,34,208.1442183
ENSG00000131115.15,ZNF227,34,176.926652
ENSG00000131148.8,EMC8,34,171.244577
ENSG00000131368.7,MRPS25,34,202.4175983
ENSG00000131373.14,HACL1,34,161.8744878
ENSG00000131375.9,CAPN7,34,173.0158823
ENSG00000131508.15,UBE2D2,34,163.3242422
ENSG00000131778.18,CHD1L,34,163.7646741
ENSG00000131791.7,PRKAB2,34,194.1446158
ENSG00000131844.15,MCCC2,34,203.4217318
ENSG00000131876.16,SNRPA1,34,173.3404351
ENSG00000131899.10,LLGL1,34,211.6362457
ENSG00000132128.16,LRRC41,34,164.374206
ENSG00000132153.14,DHX30,34,275.1946498
ENSG00000132182.11,NUP210,34,178.6679361
ENSG00000132254.12,ARFIP2,34,178.2337773
ENSG00000132275.10,RRP8,34,160.7090539
ENSG00000132286.11,TIMM10B,34,232.4256197
ENSG00000132300.18,PTCD3,34,293.8352834
ENSG00000132305.20,IMMT,34,181.9217534
ENSG00000132323.8,ILKAP,34,166.4713495
ENSG00000132330.16,SCLY,34,158.7920697
ENSG00000132361.16,CLUH,34,171.2748496
ENSG00000132382.14,MYBBP1A,34,164.5259719
ENSG00000132463.13,GRSF1,34,282.4915432
ENSG00000132478.9,UNK,34,269.2387399
ENSG00000132600.16,PRMT7,34,171.7100569
ENSG00000132603.13,NIP7,34,220.121832
ENSG00000132604.10,TERF2,34,230.5812256
ENSG00000132612.15,VPS4A,34,199.8677696
ENSG00000132664.11,POLR3F,34,174.6666468
ENSG00000132670.20,PTPRA,34,239.0281355
ENSG00000132676.15,DAP3,34,247.7010213
ENSG00000132680.10,KIAA0907,34,233.4735534
ENSG00000132773.11,TOE1,34,173.4342184
ENSG00000132781.17,MUTYH,34,188.2027599
ENSG00000132953.16,XPO4,34,218.5832932
ENSG00000133028.10,SCO1,34,232.0597525
ENSG00000133030.20,MPRIP,34,234.3033965
ENSG00000133393.12,FOPNL,34,171.804288
ENSG00000133398.3,MED10,34,192.7708921
ENSG00000133597.10,ADCK2,34,158.8067462
ENSG00000133706.17,LARS,34,203.1091711
ENSG00000133895.14,MEN1,34,202.1606242
ENSG00000134001.12,EIF2S1,34,177.6016548
ENSG00000134014.16,ELP3,34,159.4725937
ENSG00000134077.15,THUMPD3,34,187.5138189
ENSG00000134283.17,PPHLN1,34,364.5418968
ENSG00000134308.13,YWHAQ,34,240.0082698
ENSG00000134375.10,TIMM17A,34,175.9888709
ENSG00000134440.11,NARS,34,232.0979924
ENSG00000134452.19,FBXO18,34,242.5952446
ENSG00000134453.15,RBM17,34,166.7297087
ENSG00000134644.15,PUM1,34,241.1280601
ENSG00000134697.12,GNL2,34,197.4290277
ENSG00000134748.12,PRPF38A,34,263.4558894
ENSG00000134759.13,ELP2,34,243.324333
ENSG00000134882.15,UBAC2,34,262.9038629
ENSG00000134900.11,TPP2,34,259.8643321
ENSG00000134970.13,TMED7,34,166.0504529
ENSG00000134987.11,WDR36,34,233.8274395
ENSG00000135018.13,UBQLN1,34,193.4929907
ENSG00000135040.15,NAA35,34,195.5674684
ENSG00000135108.14,FBXO21,34,208.0252372
ENSG00000135164.18,DMTF1,34,258.4521336
ENSG00000135249.7,RINT1,34,238.3125757
ENSG00000135272.10,MDFIC,34,160.0530246
ENSG00000135297.15,MTO1,34,249.0147879
ENSG00000135316.17,SYNCRIP,34,297.3365175
ENSG00000135336.14,ORC3,34,164.0509438
ENSG00000135372.8,NAT10,34,199.4720591
ENSG00000135387.20,CAPRIN1,34,311.3120346
ENSG00000135452.9,TSPAN31,34,168.1087193
ENSG00000135473.14,PAN2,34,163.9327042
ENSG00000135521.8,LTV1,34,184.5571811
ENSG00000135597.18,REPS1,34,189.6453281
ENSG00000135775.13,COG2,34,206.577491
ENSG00000135801.9,TAF5L,34,217.8224537
ENSG00000135829.16,DHX9,34,251.3230639
ENSG00000135945.9,REV1,34,231.384754
ENSG00000135966.12,TGFBRAP1,34,237.928624
ENSG00000136045.11,PWP1,34,236.1647868
ENSG00000136152.14,COG3,34,335.9421208
ENSG00000136169.16,SETDB2,34,247.956321
ENSG00000136243.16,NUPL2,34,180.0692929
ENSG00000136270.13,TBRG4,34,233.5637894
ENSG00000136271.10,DDX56,34,200.8179973
ENSG00000136444.9,RSAD1,34,237.0227998
ENSG00000136448.11,NMT1,34,214.1161792
ENSG00000136485.14,DCAF7,34,264.1968848
ENSG00000136504.11,KAT7,34,163.3435846
ENSG00000136628.17,EPRS,34,177.8356165
ENSG00000136699.19,SMPD4,34,247.5510713
ENSG00000136709.11,WDR33,34,281.8344435
ENSG00000136710.9,CCDC115,34,183.1203058
ENSG00000136811.16,ODF2,34,162.2494672
ENSG00000136875.12,PRPF4,34,204.628362
ENSG00000136891.13,TEX10,34,254.2860455
ENSG00000136936.10,XPA,34,182.124224
ENSG00000136937.12,NCBP1,34,308.8046695
ENSG00000136986.9,DERL1,34,240.36593
ENSG00000137074.18,APTX,34,166.9172082
ENSG00000137200.12,CMTR1,34,163.7150916
ENSG00000137221.14,TJAP1,34,260.9187078
ENSG00000137522.17,RNF121,34,212.7836302
ENSG00000137574.10,TGS1,34,201.4682893
ENSG00000137656.11,BUD13,34,232.266843
ENSG00000137770.13,CTDSPL2,34,249.7016897
ENSG00000137802.13,MAPKBP1,34,188.5356128
ENSG00000137822.12,TUBGCP4,34,161.5024183
ENSG00000138073.13,PREB,34,181.6748991
ENSG00000138074.14,SLC5A6,34,177.5370857
ENSG00000138095.18,LRPPRC,34,250.512387
ENSG00000138107.12,ACTR1A,34,183.7963684
ENSG00000138138.13,ATAD1,34,229.7743432
ENSG00000138286.14,FAM149B1,34,191.2651006
ENSG00000138593.8,SECISBP2L,34,183.3307482
ENSG00000138614.14,INTS14,34,221.8416733
ENSG00000138698.14,RAP1GDS1,34,174.6970919
ENSG00000138750.14,NUP54,34,278.6155002
ENSG00000138757.14,G3BP2,34,184.9656409
ENSG00000139131.12,YARS2,34,160.3064397
ENSG00000139146.13,FAM60A,34,171.8536094
ENSG00000139372.14,TDG,34,264.7084179
ENSG00000139437.17,TCHP,34,181.8569562
ENSG00000139597.17,N4BP2L1,34,167.1413296
ENSG00000139620.12,KANSL2,34,183.5442005
ENSG00000139624.12,CERS5,34,288.0120986
ENSG00000139645.9,ANKRD52,34,193.7884626
ENSG00000139651.10,ZNF740,34,175.6498899
ENSG00000139726.10,DENR,34,310.0365386
ENSG00000139990.17,DCAF5,34,177.2062371
ENSG00000140262.17,TCF12,34,198.9342283
ENSG00000140265.12,ZSCAN29,34,238.2617244
ENSG00000140320.11,BAHD1,34,198.6081784
ENSG00000140326.12,CDAN1,34,172.1815177
ENSG00000140367.11,UBE2Q2,34,195.8535856
ENSG00000140382.14,HMG20A,34,269.7244374
ENSG00000140471.16,LINS1,34,177.2832712
ENSG00000140474.12,ULK3,34,184.0836401
ENSG00000140497.16,SCAMP2,34,197.0571745
ENSG00000140521.12,POLG,34,197.1214309
ENSG00000140598.13,EFL1,34,178.6780809
ENSG00000140688.16,C16orf58,34,198.4289831
ENSG00000140694.16,PARN,34,166.9122433
ENSG00000140740.10,UQCRC2,34,187.7683325
ENSG00000140750.16,ARHGAP17,34,197.8855004
ENSG00000140829.11,DHX38,34,234.4847325
ENSG00000140931.19,CMTM3,34,164.4864291
ENSG00000140943.16,MBTPS1,34,291.9231384
ENSG00000141076.17,UTP4,34,174.455145
ENSG00000141101.12,NOB1,34,177.0159333
ENSG00000141127.14,PRPSAP2,34,221.8349544
ENSG00000141380.13,SS18,34,344.8929026
ENSG00000141385.9,AFG3L2,34,185.3489174
ENSG00000141456.14,PELP1,34,179.6231061
ENSG00000141569.10,TRIM65,34,193.9691089
ENSG00000141644.17,MBD1,34,281.3853472
ENSG00000142002.16,DPP9,34,216.9663433
ENSG00000142039.3,CCDC97,34,186.5410939
ENSG00000142188.16,TMEM50B,34,190.6606957
ENSG00000142230.11,SAE1,34,195.0558323
ENSG00000142330.19,CAPN10,34,182.4176102
ENSG00000142396.10,ERVK3-1,34,165.124014
ENSG00000142751.14,GPN2,34,255.997068
ENSG00000142864.14,SERBP1,34,272.3513415
ENSG00000143033.17,MTF2,34,204.4171977
ENSG00000143093.14,STRIP1,34,267.4433001
ENSG00000143157.11,POGK,34,253.9404751
ENSG00000143294.14,PRCC,34,185.9315599
ENSG00000143319.16,ISG20L2,34,191.8986586
ENSG00000143374.16,TARS2,34,193.9367618
ENSG00000143390.17,RFX5,34,237.0896949
ENSG00000143393.16,PI4KB,34,242.7024611
ENSG00000143436.10,MRPL9,34,159.9489323
ENSG00000143499.13,SMYD2,34,172.6188678
ENSG00000143643.12,TTC13,34,212.4571317
ENSG00000143748.17,NVL,34,251.794051
ENSG00000143799.12,PARP1,34,165.5797558
ENSG00000144021.2,CIAO1,34,210.5409553
ENSG00000144028.14,SNRNP200,34,198.918968
ENSG00000144043.11,TEX261,34,205.9677598
ENSG00000144231.10,POLR2D,34,202.107298
ENSG00000144524.17,COPS7B,34,254.9217989
ENSG00000144580.13,CNOT9,34,262.0818807
ENSG00000144674.16,GOLGA4,34,238.2351903
ENSG00000144736.13,SHQ1,34,162.4859864
ENSG00000144827.8,ABHD10,34,158.9088524
ENSG00000144840.8,RABL3,34,214.9896989
ENSG00000145029.13,NICN1,34,173.9996519
ENSG00000145041.15,DCAF1,34,210.7641359
ENSG00000145191.12,EIF2B5,34,309.7093852
ENSG00000145216.15,FIP1L1,34,190.0369861
ENSG00000145241.10,CENPC,34,198.994268
ENSG00000145293.15,ENOPH1,34,178.8475069
ENSG00000145495.15,06-Mar,34,179.9775428
ENSG00000145833.15,DDX46,34,265.5008972
ENSG00000145907.14,G3BP1,34,304.4395796
ENSG00000145916.18,RMND5B,34,183.6845546
ENSG00000145996.11,CDKAL1,34,209.1214972
ENSG00000146063.19,TRIM41,34,204.6426797
ENSG00000146109.4,ABT1,34,175.6170492
ENSG00000146223.14,RPL7L1,34,266.8737019
ENSG00000146433.8,TMEM181,34,174.5502548
ENSG00000146463.11,ZMYM4,34,205.4373713
ENSG00000146576.12,C7orf26,34,172.656576
ENSG00000146731.10,CCT6A,34,204.7597676
ENSG00000146833.15,TRIM4,34,273.1923029
ENSG00000146909.7,NOM1,34,227.6805964
ENSG00000146963.17,LUC7L2,34,223.5959181
ENSG00000147316.12,MCPH1,34,226.602534
ENSG00000147419.17,CCDC25,34,173.1786165
ENSG00000147421.17,HMBOX1,34,180.8624749
ENSG00000147457.13,CHMP7,34,184.028433
ENSG00000147548.16,NSD3,34,172.2109167
ENSG00000147649.9,MTDH,34,251.4609021
ENSG00000147654.14,EBAG9,34,172.5311301
ENSG00000147854.16,UHRF2,34,169.5809801
ENSG00000147905.17,ZCCHC7,34,213.9842018
ENSG00000147955.16,SIGMAR1,34,165.9020908
ENSG00000148187.17,MRRF,34,202.1930443
ENSG00000148229.12,POLE3,34,214.4779499
ENSG00000148248.13,SURF4,34,174.0074935
ENSG00000148300.11,REXO4,34,203.0360381
ENSG00000148308.17,GTF3C5,34,175.0694314
ENSG00000148331.11,ASB6,34,221.8676597
ENSG00000148384.12,INPP5E,34,177.9101645
ENSG00000148399.12,DPH7,34,178.6542312
ENSG00000148606.12,POLR3A,34,251.135977
ENSG00000148672.8,GLUD1,34,279.5926877
ENSG00000148719.14,DNAJB12,34,195.7313934
ENSG00000148840.10,PPRC1,34,190.2958009
ENSG00000148843.13,PDCD11,34,194.4626329
ENSG00000148943.11,LIN7C,34,268.3500903
ENSG00000149100.12,EIF3M,34,188.1398628
ENSG00000149136.8,SSRP1,34,174.6203797
ENSG00000149182.14,ARFGAP2,34,216.1240323
ENSG00000149262.16,INTS4,34,189.851489
ENSG00000149308.16,NPAT,34,217.0542749
ENSG00000149311.18,ATM,34,177.576812
ENSG00000149480.6,MTA2,34,209.7848905
ENSG00000149483.11,TMEM138,34,239.9211278
ENSG00000149547.14,EI24,34,164.4737452
ENSG00000149658.17,YTHDF1,34,234.4029572
ENSG00000149716.12,ORAOV1,34,200.0831306
ENSG00000149792.8,MRPL49,34,224.4235951
ENSG00000149930.17,TAOK2,34,186.3274755
ENSG00000150712.10,MTMR12,34,173.4722049
ENSG00000150768.15,DLAT,34,160.6642258
ENSG00000150990.7,DHX37,34,209.9309787
ENSG00000151247.12,EIF4E,34,187.2874146
ENSG00000151445.15,VIPAS39,34,200.2235723
ENSG00000151502.10,VPS26B,34,183.7716186
ENSG00000151806.13,GUF1,34,190.6672291
ENSG00000151923.17,TIAL1,34,304.8763447
ENSG00000152133.14,GPATCH11,34,173.4264652
ENSG00000152234.15,ATP5A1,34,214.8049607
ENSG00000152382.5,TADA1,34,173.2927233
ENSG00000152642.10,GPD1L,34,165.9289739
ENSG00000152795.17,HNRNPDL,34,169.5239698
ENSG00000152942.18,RAD17,34,277.5989732
ENSG00000153107.11,ANAPC1,34,162.6456451
ENSG00000153560.11,UBP1,34,301.6753391
ENSG00000153914.15,SREK1,34,267.4607647
ENSG00000153989.7,NUS1,34,171.8800911
ENSG00000154001.13,PPP2R5E,34,273.2285034
ENSG00000154144.12,TBRG1,34,238.1929157
ENSG00000154174.7,TOMM70,34,275.3064636
ENSG00000154222.14,CC2D1B,34,187.7244777
ENSG00000154473.17,BUB3,34,258.060474
ENSG00000154781.15,CCDC174,34,238.6270603
ENSG00000154930.14,ACSS1,34,211.3058871
ENSG00000154945.6,ANKRD40,34,222.8224836
ENSG00000155229.20,MMS19,34,270.5391863
ENSG00000155256.17,ZFYVE27,34,174.5248234
ENSG00000155561.14,NUP205,34,241.1884274
ENSG00000156232.7,WHAMM,34,198.0721142
ENSG00000156471.12,PTDSS1,34,173.2621278
ENSG00000156983.15,BRPF1,34,203.5630004
ENSG00000157014.10,TATDN2,34,203.1468196
ENSG00000157181.15,C1orf27,34,224.9683609
ENSG00000157191.19,NECAP2,34,195.8025141
ENSG00000157212.18,PAXIP1,34,167.9765289
ENSG00000157259.6,GATAD1,34,268.8119211
ENSG00000157353.16,FUK,34,188.0853874
ENSG00000157426.13,AASDH,34,194.7983362
ENSG00000157500.10,APPL1,34,307.3029221
ENSG00000157593.18,SLC35B2,34,165.5279311
ENSG00000157837.15,SPPL3,34,160.2649707
ENSG00000157869.14,RAB28,34,194.0673064
ENSG00000157895.11,C12orf43,34,167.755866
ENSG00000158092.6,NCK1,34,246.7842377
ENSG00000158467.16,AHCYL2,34,158.5856973
ENSG00000158604.14,TMED4,34,310.4821211
ENSG00000158636.16,EMSY,34,172.9428214
ENSG00000158711.13,ELK4,34,204.9572029
ENSG00000158793.13,NIT1,34,194.5910058
ENSG00000158864.12,NDUFS2,34,208.7470577
ENSG00000158941.16,CCAR2,34,207.7932234
ENSG00000158987.20,RAPGEF6,34,201.8082968
ENSG00000159131.16,GART,34,190.8976666
ENSG00000159202.17,UBE2Z,34,294.7073867
ENSG00000159377.10,PSMB4,34,163.989144
ENSG00000159479.16,MED8,34,166.7889222
ENSG00000159593.14,NAE1,34,173.6271342
ENSG00000159658.10,EFCAB14,34,339.233482
ENSG00000159692.15,CTBP1,34,204.1354946
ENSG00000160049.11,DFFA,34,196.6605984
ENSG00000160075.11,SSU72,34,213.3822534
ENSG00000160208.12,RRP1B,34,235.5497756
ENSG00000160294.10,MCM3AP,34,273.3017238
ENSG00000160336.14,ZNF761,34,167.3318674
ENSG00000160613.12,PCSK7,34,162.40179
ENSG00000160688.18,FLAD1,34,208.254202
ENSG00000160691.18,SHC1,34,191.7129988
ENSG00000160695.14,VPS11,34,188.150185
ENSG00000160753.15,RUSC1,34,165.7974526
ENSG00000160803.7,UBQLN4,34,181.4138833
ENSG00000160917.14,CPSF4,34,218.4439186
ENSG00000160959.7,LRRC14,34,192.5177623
ENSG00000161204.11,ABCF3,34,172.1279496
ENSG00000161526.14,SAP30BP,34,176.8078698
ENSG00000161904.11,LEMD2,34,187.0616584
ENSG00000161956.12,SENP3,34,258.8200389
ENSG00000162086.14,ZNF75A,34,179.1147143
ENSG00000162139.9,NEU3,34,199.2050906
ENSG00000162402.13,USP24,34,257.1959939
ENSG00000162408.10,NOL9,34,174.3726251
ENSG00000162521.18,RBBP4,34,326.1872777
ENSG00000162601.9,MYSM1,34,182.5132084
ENSG00000162613.16,FUBP1,34,204.1385948
ENSG00000162729.13,IGSF8,34,160.1581672
ENSG00000162852.13,CNST,34,189.4609831
ENSG00000162909.17,CAPN2,34,166.9755932
ENSG00000163104.17,SMARCAD1,34,201.4020531
ENSG00000163125.15,RPRD2,34,161.161297
ENSG00000163161.12,ERCC3,34,327.9987407
ENSG00000163257.10,DCAF16,34,193.9485418
ENSG00000163389.10,POGLUT1,34,217.1354618
ENSG00000163428.3,LRRC58,34,239.9114289
ENSG00000163527.9,STT3B,34,227.9627005
ENSG00000163539.16,CLASP2,34,273.7927385
ENSG00000163558.12,PRKCI,34,186.7572745
ENSG00000163608.14,NEPRO,34,264.291913
ENSG00000163626.16,COX18,34,221.7368867
ENSG00000163655.15,GMPS,34,174.015108
ENSG00000163714.17,U2SURP,34,368.3646937
ENSG00000163719.19,MTMR14,34,190.6982973
ENSG00000163755.8,HPS3,34,278.9171452
ENSG00000163785.12,RYK,34,229.3612176
ENSG00000163811.11,WDR43,34,223.1634356
ENSG00000163820.14,FYCO1,34,158.5455298
ENSG00000163866.8,SMIM12,34,160.2976669
ENSG00000163867.16,ZMYM6,34,307.3407516
ENSG00000163875.15,MEAF6,34,232.2138601
ENSG00000163900.10,TMEM41A,34,185.82894
ENSG00000163930.9,BAP1,34,196.6980184
ENSG00000163933.9,RFT1,34,211.0772596
ENSG00000163939.18,PBRM1,34,297.5044712
ENSG00000163947.11,ARHGEF3,34,167.2708566
ENSG00000164022.16,AIMP1,34,212.7736352
ENSG00000164024.11,METAP1,34,299.9624201
ENSG00000164040.16,PGRMC2,34,203.4402061
ENSG00000164062.12,APEH,34,160.3484346
ENSG00000164080.13,RAD54L2,34,202.0103014
ENSG00000164134.12,NAA15,34,227.6578032
ENSG00000164151.11,ICE1,34,301.7754784
ENSG00000164163.10,ABCE1,34,197.4423165
ENSG00000164164.15,OTUD4,34,204.21162
ENSG00000164244.20,PRRC1,34,227.1277387
ENSG00000164307.12,ERAP1,34,172.4273407
ENSG00000164548.10,TRA2A,34,202.7105092
ENSG00000164597.13,COG5,34,213.7839496
ENSG00000164654.15,MIOS,34,190.5875557
ENSG00000164828.17,SUN1,34,199.9055709
ENSG00000164902.13,PHAX,34,192.7936299
ENSG00000164924.17,YWHAZ,34,175.4137475
ENSG00000164933.11,SLC25A32,34,226.1428721
ENSG00000165156.14,ZHX1,34,194.6464839
ENSG00000165271.16,NOL6,34,205.2516214
ENSG00000165275.9,TRMT10B,34,174.8074632
ENSG00000165282.13,PIGO,34,190.7217705
ENSG00000165526.8,RPUSD4,34,233.4163291
ENSG00000165688.11,PMPCA,34,239.2104058
ENSG00000165689.16,SDCCAG3,34,174.6594167
ENSG00000165699.13,TSC1,34,204.4788587
ENSG00000165733.7,BMS1,34,207.7267991
ENSG00000165792.17,METTL17,34,222.4211682
ENSG00000165819.11,METTL3,34,292.9099838
ENSG00000165943.4,MOAP1,34,205.318097
ENSG00000166037.10,CEP57,34,187.8785866
ENSG00000166164.15,BRD7,34,281.7234711
ENSG00000166170.9,BAG5,34,352.0892706
ENSG00000166181.12,API5,34,301.6161754
ENSG00000166197.16,NOLC1,34,178.5724175
ENSG00000166224.16,SGPL1,34,207.4308914
ENSG00000166260.10,COX11,34,164.685214
ENSG00000166261.10,ZNF202,34,169.8050813
ENSG00000166326.6,TRIM44,34,246.0806725
ENSG00000166454.9,ATMIN,34,258.4064888
ENSG00000166526.16,ZNF3,34,256.2047643
ENSG00000166619.12,BLCAP,34,280.7458648
ENSG00000166801.15,FAM111A,34,161.7339543
ENSG00000166822.12,TMEM170A,34,339.8054804
ENSG00000166887.15,VPS39,34,277.1913365
ENSG00000166902.4,MRPL16,34,176.19917
ENSG00000166908.17,PIP4K2C,34,169.0574763
ENSG00000166938.12,DIS3L,34,236.2506469
ENSG00000166986.14,MARS,34,207.7964896
ENSG00000167005.13,NUDT21,34,242.5417994
ENSG00000167196.13,FBXO22,34,174.4689921
ENSG00000167257.10,RNF214,34,173.1784653
ENSG00000167323.11,STIM1,34,161.3522848
ENSG00000167635.11,ZNF146,34,219.8800938
ENSG00000167699.13,GLOD4,34,258.2409925
ENSG00000167721.10,TSR1,34,185.3184726
ENSG00000167842.15,MIS12,34,266.2022637
ENSG00000167881.14,SRP68,34,200.9627475
ENSG00000167962.13,ZNF598,34,187.0503528
ENSG00000167967.15,E4F1,34,167.9482191
ENSG00000168291.12,PDHB,34,215.4772641
ENSG00000168411.13,RFWD3,34,167.7988449
ENSG00000168495.12,POLR3D,34,203.6374928
ENSG00000168575.9,SLC20A2,34,164.7736887
ENSG00000168591.15,TMUB2,34,203.5567039
ENSG00000168724.14,DNAJC21,34,264.0731179
ENSG00000168795.4,ZBTB5,34,173.3911111
ENSG00000168802.12,CHTF8,34,161.2462883
ENSG00000168826.15,ZBTB49,34,207.1543571
ENSG00000168827.14,GFM1,34,203.5973674
ENSG00000168872.16,DDX19A,34,274.1180778
ENSG00000168883.19,USP39,34,206.5809241
ENSG00000168924.14,LETM1,34,243.0737513
ENSG00000168944.15,CEP120,34,220.4329392
ENSG00000169045.17,HNRNPH1,34,213.8111623
ENSG00000169062.14,UPF3A,34,198.6314053
ENSG00000169217.8,CD2BP2,34,196.1824961
ENSG00000169223.14,LMAN2,34,173.9966686
ENSG00000169359.13,SLC33A1,34,255.5687346
ENSG00000169598.15,DFFB,34,164.213852
ENSG00000169718.17,DUS1L,34,164.2356028
ENSG00000169762.16,TAPT1,34,182.4406683
ENSG00000169813.16,HNRNPF,34,180.3739891
ENSG00000169914.5,OTUD3,34,158.6073743
ENSG00000169951.9,ZNF764,34,183.6529698
ENSG00000170242.17,USP47,34,269.2596088
ENSG00000170260.8,ZNF212,34,176.6638427
ENSG00000170348.8,TMED10,34,264.8053091
ENSG00000170445.12,HARS,34,277.467553
ENSG00000170734.11,POLH,34,168.0130616
ENSG00000171262.11,FAM98B,34,176.6348222
ENSG00000171466.9,ZNF562,34,171.6421496
ENSG00000171492.14,LRRC8D,34,185.2520351
ENSG00000171566.11,PLRG1,34,231.1487763
ENSG00000171681.12,ATF7IP,34,189.3414576
ENSG00000171824.13,EXOSC10,34,227.8905569
ENSG00000171865.9,RNASEH1,34,165.0387184
ENSG00000172053.17,QARS,34,163.4684511
ENSG00000172175.12,MALT1,34,229.8492076
ENSG00000172262.11,ZNF131,34,295.5211218
ENSG00000172273.12,HINFP,34,166.5891751
ENSG00000172775.16,FAM192A,34,254.2658999
ENSG00000172831.11,CES2,34,184.6396593
ENSG00000172869.14,DMXL1,34,167.2549774
ENSG00000172888.11,ZNF621,34,173.7454854
ENSG00000173473.10,SMARCC1,34,208.6605988
ENSG00000173726.10,TOMM20,34,187.0085753
ENSG00000173875.13,ZNF791,34,227.2816584
ENSG00000174032.16,SLC25A30,34,222.4017173
ENSG00000174165.7,ZDHHC24,34,161.8279891
ENSG00000174197.16,MGA,34,232.5388079
ENSG00000174227.15,PIGG,34,295.0504677
ENSG00000174243.9,DDX23,34,219.9511603
ENSG00000174780.15,SRP72,34,236.9731238
ENSG00000174840.8,PDE12,34,249.0701939
ENSG00000174953.13,DHX36,34,272.7004316
ENSG00000175054.14,ATR,34,248.3410288
ENSG00000175224.16,ATG13,34,209.5402105
ENSG00000175395.15,ZNF25,34,164.2146336
ENSG00000175582.19,RAB6A,34,205.3194255
ENSG00000176087.14,SLC35A4,34,178.7503054
ENSG00000176248.8,ANAPC2,34,171.6920304
ENSG00000176444.18,CLK2,34,174.2432874
ENSG00000176915.14,ANKLE2,34,224.6111764
ENSG00000176953.12,NFATC2IP,34,303.8317466
ENSG00000177051.5,FBXO46,34,189.5347902
ENSG00000177192.13,PUS1,34,159.7118832
ENSG00000177200.16,CHD9,34,169.2072551
ENSG00000177302.14,TOP3A,34,176.1527397
ENSG00000177479.19,ARIH2,34,275.7337107
ENSG00000177542.10,SLC25A22,34,171.7737406
ENSG00000177613.8,CSTF2T,34,212.5980092
ENSG00000177728.16,TMEM94,34,236.8904751
ENSG00000177889.9,UBE2N,34,233.9977176
ENSG00000177963.14,RIC8A,34,183.3839548
ENSG00000178028.13,DMAP1,34,196.1849242
ENSG00000178188.14,SH2B1,34,163.6359571
ENSG00000178691.10,SUZ12,34,193.0988995
ENSG00000179051.13,RCC2,34,214.658215
ENSG00000179195.15,ZNF664,34,171.6850786
ENSG00000179295.17,PTPN11,34,273.0884492
ENSG00000179364.13,PACS2,34,171.750746
ENSG00000179889.18,PDXDC1,34,228.9024529
ENSG00000180228.12,PRKRA,34,160.154736
ENSG00000180900.18,SCRIB,34,162.2655521
ENSG00000180957.17,PITPNB,34,313.5988475
ENSG00000181027.10,FKRP,34,165.4298181
ENSG00000181090.19,EHMT1,34,199.1610683
ENSG00000181135.15,ZNF707,34,167.9902578
ENSG00000181396.12,OGFOD3,34,179.6707106
ENSG00000181896.11,ZNF101,34,183.5870982
ENSG00000181915.4,ADO,34,200.0991924
ENSG00000182158.14,CREB3L2,34,183.0362612
ENSG00000182180.13,MRPS16,34,162.069586
ENSG00000182307.12,C8orf33,34,199.3612443
ENSG00000182446.13,NPLOC4,34,243.0110356
ENSG00000182473.21,EXOC7,34,249.4910225
ENSG00000182670.13,TTC3,34,233.8280742
ENSG00000182827.8,ACBD3,34,238.4029442
ENSG00000182858.13,ALG12,34,182.9172698
ENSG00000182934.11,SRPRA,34,203.6178627
ENSG00000182952.4,HMGN4,34,186.2941162
ENSG00000182979.17,MTA1,34,219.8125778
ENSG00000183309.11,ZNF623,34,221.1092927
ENSG00000183495.13,EP400,34,172.9510475
ENSG00000183576.12,SETD3,34,190.7866459
ENSG00000184575.11,XPOT,34,259.876938
ENSG00000184640.17,09-Sep,34,170.5131834
ENSG00000184677.16,ZBTB40,34,203.5238661
ENSG00000184708.17,EIF4ENIF1,34,191.0746946
ENSG00000184787.18,UBE2G2,34,306.8771505
ENSG00000185024.16,BRF1,34,161.9338871
ENSG00000185049.14,NELFA,34,237.1279435
ENSG00000185163.9,DDX51,34,168.3209944
ENSG00000185238.12,PRMT3,34,188.878064
ENSG00000185246.17,PRPF39,34,182.4735159
ENSG00000185298.12,CCDC137,34,188.9006791
ENSG00000185344.13,ATP6V0A2,34,268.2476512
ENSG00000185379.20,RAD51D,34,174.9106323
ENSG00000185404.16,SP140L,34,194.643741
ENSG00000185414.19,MRPL30,34,163.3748153
ENSG00000185504.16,FAAP100,34,170.4751087
ENSG00000185658.13,BRWD1,34,212.1572468
ENSG00000185716.11,C16orf52,34,164.5630531
ENSG00000185803.8,SLC52A2,34,165.4909291
ENSG00000186001.12,LRCH3,34,194.2920945
ENSG00000186222.4,BLOC1S4,34,168.5541122
ENSG00000186283.13,TOR3A,34,174.0290231
ENSG00000186575.17,NF2,34,162.4791049
ENSG00000186687.15,LYRM7,34,160.7394362
ENSG00000187147.17,RNF220,34,224.2483398
ENSG00000187713.6,TMEM203,34,196.661007
ENSG00000187735.13,TCEA1,34,170.6587685
ENSG00000187778.13,MCRS1,34,161.2806802
ENSG00000188428.19,BLOC1S5,34,192.01451
ENSG00000188529.14,SRSF10,34,290.6838136
ENSG00000188976.10,NOC2L,34,226.1842995
ENSG00000188986.6,NELFB,34,222.4683871
ENSG00000189079.15,ARID2,34,192.0696344
ENSG00000189266.11,PNRC2,34,192.0934185
ENSG00000196214.10,ZNF766,34,193.7518219
ENSG00000196305.17,IARS,34,172.9411131
ENSG00000196313.11,POM121,34,176.1473846
ENSG00000196363.9,WDR5,34,210.8727354
ENSG00000196367.12,TRRAP,34,183.6837152
ENSG00000196865.4,NHLRC2,34,208.5079785
ENSG00000196943.12,NOP9,34,177.5161371
ENSG00000196950.13,SLC39A10,34,169.0507992
ENSG00000197037.10,ZSCAN25,34,232.868196
ENSG00000197136.4,PCNX3,34,158.7589646
ENSG00000197226.12,TBC1D9B,34,189.6253608
ENSG00000197323.11,TRIM33,34,182.7559262
ENSG00000197608.11,ZNF841,34,159.0968213
ENSG00000197894.10,ADH5,34,176.4396102
ENSG00000197912.14,SPG7,34,186.9852585
ENSG00000197961.11,ZNF121,34,199.8851433
ENSG00000198000.11,NOL8,34,282.75278
ENSG00000198026.7,ZNF335,34,178.5309453
ENSG00000198081.10,ZBTB14,34,266.2167342
ENSG00000198162.12,MAN1A2,34,274.2041621
ENSG00000198198.15,SZT2,34,159.5610595
ENSG00000198218.10,QRICH1,34,276.8505451
ENSG00000198252.11,STYX,34,234.8273671
ENSG00000198276.15,UCKL1,34,171.8634168
ENSG00000198301.11,SDAD1,34,203.2989347
ENSG00000198315.10,ZKSCAN8,34,168.4083543
ENSG00000198373.12,WWP2,34,166.5375187
ENSG00000198492.15,YTHDF2,34,322.612107
ENSG00000198522.13,GPN1,34,210.7359237
ENSG00000198563.13,DDX39B,34,178.0862419
ENSG00000198612.10,COPS8,34,216.0159318
ENSG00000198668.10,CALM1,34,166.7647056
ENSG00000198677.10,TTC37,34,271.8220868
ENSG00000198700.9,IPO9,34,275.757364
ENSG00000198728.10,LDB1,34,193.4859419
ENSG00000198746.12,GPATCH3,34,170.2346061
ENSG00000198793.12,MTOR,34,259.8617576
ENSG00000198799.11,LRIG2,34,219.9086323
ENSG00000198815.8,FOXJ3,34,183.1977219
ENSG00000198836.8,OPA1,34,158.6753973
ENSG00000198860.11,TSEN15,34,159.6572223
ENSG00000198874.12,TYW1,34,224.213162
ENSG00000198887.8,SMC5,34,271.9801211
ENSG00000198912.10,C1orf174,34,186.2283094
ENSG00000198917.12,SPOUT1,34,185.1431266
ENSG00000203993.4,ARRDC1-AS1,34,178.1756388
ENSG00000204070.9,SYS1,34,182.3635595
ENSG00000204084.12,INPP5B,34,178.8445951
ENSG00000204138.12,PHACTR4,34,164.3493637
ENSG00000204149.10,AGAP6,34,179.6495766
ENSG00000204209.11,DAXX,34,180.449779
ENSG00000204227.4,RING1,34,169.5886301
ENSG00000204231.10,RXRB,34,185.1481696
ENSG00000204316.12,MRPL38,34,160.1912714
ENSG00000204344.14,STK19,34,166.115327
ENSG00000204371.11,EHMT2,34,201.0537643
ENSG00000204427.11,ABHD16A,34,170.7808393
ENSG00000204560.9,DHX16,34,228.7034287
ENSG00000204564.11,C6orf136,34,164.5261536
ENSG00000204576.11,PRR3,34,203.9516423
ENSG00000204946.9,ZNF783,34,163.5962904
ENSG00000204977.9,TRIM13,34,191.7055543
ENSG00000205060.10,SLC35B4,34,173.9145464
ENSG00000205339.9,IPO7,34,221.9635924
ENSG00000205758.11,CRYZL1,34,196.0617469
ENSG00000205937.11,RNPS1,34,268.4302799
ENSG00000206418.3,RAB12,34,159.0388036
ENSG00000206527.9,HACD2,34,256.6786979
ENSG00000211460.11,TSN,34,292.0186287
ENSG00000213380.14,COG8,34,227.2693842
ENSG00000213593.9,TMX2,34,203.2967262
ENSG00000213676.10,ATF6B,34,199.9871418
ENSG00000213762.11,ZNF134,34,161.3354767
ENSG00000213780.10,GTF2H4,34,170.1380873
ENSG00000213995.11,NAXD,34,198.8037071
ENSG00000214046.8,SMIM7,34,173.8025309
ENSG00000214753.2,HNRNPUL2,34,160.9796923
ENSG00000215041.9,NEURL4,34,206.9943755
ENSG00000215193.12,PEX26,34,222.6774362
ENSG00000215305.9,VPS16,34,165.6427641
ENSG00000221978.11,CCNL2,34,167.5209936
ENSG00000223501.8,VPS52,34,246.4728662
ENSG00000223959.8,AFG3L1P,34,215.2037679
ENSG00000224870.6,RP4-758J18.2,34,168.7648943
ENSG00000227372.11,TP73-AS1,34,167.641475
ENSG00000234545.7,FAM133B,34,166.4180473
ENSG00000239900.12,ADSL,34,173.5368376
ENSG00000240230.5,COX19,34,210.6267983
ENSG00000241258.6,CRCP,34,176.6566181
ENSG00000241973.10,PI4KA,34,199.8644017
ENSG00000243725.6,TTC4,34,166.9800575
ENSG00000243943.9,ZNF512,34,183.4755288
ENSG00000244005.12,NFS1,34,159.3059138
ENSG00000244038.9,DDOST,34,165.0721396
ENSG00000244462.7,RBM12,34,230.9600636
ENSG00000247077.6,PGAM5,34,167.82149
ENSG00000250462.8,LRRC37BP1,34,214.4557834
ENSG00000253719.3,ATXN7L3B,34,302.4261289
ENSG00000255302.4,EID1,34,207.2947773
ENSG00000255529.7,POLR2M,34,185.4350333
ENSG00000256525.6,POLG2,34,183.7225373
ENSG00000257218.5,GATC,34,285.0575778
ENSG00000258890.6,CEP95,34,168.8070477
ENSG00000259956.1,RBM15B,34,181.618303
ENSG00000263753.6,LINC00667,34,195.2261391
ENSG00000265491.4,RNF115,34,171.4257789
ENSG00000266469.1,CTB-131K11.1,34,199.7502794
ENSG00000268043.7,NBPF12,34,197.3369994
ENSG00000268205.1,CTC-444N24.11,34,219.4179149
ENSG00000271601.3,LIX1L,34,159.754758
ENSG00000274523.4,RCC1L,34,196.9063639
ENSG00000275066.4,SYNRG,34,258.1398316
ENSG00000276234.4,TADA2A,34,184.0929378
ENSG00000276293.4,PIP4K2B,34,233.3171367
ENSG00000278259.4,MYO19,34,183.8950973
ENSG00000280789.1,PAGR1,34,213.4635896
ENSG00000281649.1,EBLN3P,34,201.8271985
ENSG00000211592.8,IGKC,59,17.05782857
ENSG00000211593.2,IGKJ5,59,10.50000888
ENSG00000211594.2,IGKJ4,59,13.35584432
ENSG00000211595.2,IGKJ3,59,11.04587945
ENSG00000211596.3,IGKJ2,59,14.29338121
ENSG00000211597.2,IGKJ1,59,14.94295319
ENSG00000211598.2,IGKV4-1,59,10.40981755
ENSG00000211653.2,IGLV1-40,59,9.598886346
ENSG00000211660.3,IGLV2-23,59,9.026533204
ENSG00000211675.2,IGLC1,59,11.14933251
ENSG00000211677.2,IGLC2,59,11.5474079
ENSG00000211945.2,IGHV1-18,59,9.12987954
ENSG00000211949.3,IGHV3-23,59,9.597771821
ENSG00000211966.2,IGHV5-51,59,9.177739187
ENSG00000239951.1,IGKV3-20,59,12.21171921
ENSG00000240041.1,IGHJ4,59,10.17690032
ENSG00000241351.3,IGKV3-11,59,11.18424986
ENSG00000243466.1,IGKV1-5,59,10.9226908
ENSG00000244437.1,IGKV3-15,59,9.70854155
ENSG00000092470.11,WDR76,66,32.70906837
ENSG00000104738.16,MCM4,66,15.82403527
ENSG00000106462.10,EZH2,66,26.25819858
ENSG00000109685.17,NSD2,66,60.69502736
ENSG00000131747.14,TOP2A,66,15.00961978
ENSG00000137310.11,TCF19,66,18.6589905
ENSG00000137804.12,NUSAP1,66,15.77774794
ENSG00000140525.17,FANCI,66,17.77479776
ENSG00000142945.12,KIF2C,66,15.54941662
ENSG00000146670.9,CDCA5,66,15.98311861
ENSG00000149503.12,INCENP,66,37.73033217
ENSG00000151503.12,NCAPD3,66,75.18053598
ENSG00000156802.12,ATAD2,66,34.16235274
ENSG00000161800.12,RACGAP1,66,15.47515699
ENSG00000167325.14,RRM1,66,41.02854945
ENSG00000167670.15,CHAF1A,66,38.79162191
ENSG00000237649.7,KIFC1,66,15.85354637
ENSG00000000457.13,SCYL3,72,250.0522006
ENSG00000002919.14,SNX11,72,198.8849579
ENSG00000003402.19,CFLAR,72,213.8858497
ENSG00000004700.15,RECQL,72,275.5556507
ENSG00000005812.10,FBXL3,72,228.9795935
ENSG00000006715.15,VPS41,72,265.9688095
ENSG00000008282.8,SYPL1,72,229.013274
ENSG00000008869.11,HEATR5B,72,203.4418804
ENSG00000009844.15,VTA1,72,254.3447914
ENSG00000011114.14,BTBD7,72,278.2471437
ENSG00000011258.15,MBTD1,72,257.3954859
ENSG00000011454.16,RABGAP1,72,280.2034745
ENSG00000014123.9,UFL1,72,219.4423463
ENSG00000014824.13,SLC30A9,72,240.6165841
ENSG00000014919.12,COX15,72,245.4369293
ENSG00000016864.18,GLT8D1,72,258.341764
ENSG00000021574.11,SPAST,72,257.5762966
ENSG00000023041.11,ZDHHC6,72,366.6002923
ENSG00000023318.7,ERP44,72,213.1706611
ENSG00000024048.10,UBR2,72,201.8626181
ENSG00000028528.14,SNX1,72,286.6667788
ENSG00000029363.16,BCLAF1,72,284.942914
ENSG00000029364.11,SLC39A9,72,303.9462852
ENSG00000032219.18,ARID4A,72,200.6315319
ENSG00000033030.13,ZCCHC8,72,329.480521
ENSG00000033100.16,CHPF2,72,204.9702268
ENSG00000036054.12,TBC1D23,72,287.5846904
ENSG00000036257.12,CUL3,72,233.7127985
ENSG00000038219.12,BOD1L1,72,215.4317099
ENSG00000038274.16,MAT2B,72,264.7127625
ENSG00000040933.15,INPP4A,72,221.2651768
ENSG00000042429.11,MED17,72,263.46128
ENSG00000047056.14,WDR37,72,247.1059416
ENSG00000047315.15,POLR2B,72,280.9450006
ENSG00000047932.13,GOPC,72,276.0101239
ENSG00000048649.13,RSF1,72,283.0370398
ENSG00000048740.18,CELF2,72,212.668543
ENSG00000048828.16,FAM120A,72,283.1065495
ENSG00000050130.17,JKAMP,72,246.6568544
ENSG00000052723.11,SIKE1,72,329.6944953
ENSG00000053770.11,AP5M1,72,241.4443027
ENSG00000053900.10,ANAPC4,72,285.2678498
ENSG00000054116.11,TRAPPC3,72,216.5030212
ENSG00000054965.10,FAM168A,72,267.5464186
ENSG00000055147.18,FAM114A2,72,205.0054468
ENSG00000055917.15,PUM2,72,355.7147833
ENSG00000056097.15,ZFR,72,359.526244
ENSG00000056586.15,RC3H2,72,296.6320712
ENSG00000057608.16,GDI2,72,255.6561896
ENSG00000061987.14,MON2,72,326.1699772
ENSG00000062650.17,WAPL,72,350.4228411
ENSG00000062725.9,APPBP2,72,308.7066479
ENSG00000064995.16,TAF11,72,229.1541168
ENSG00000065135.10,GNAI3,72,251.3877027
ENSG00000065613.13,SLK,72,228.8354603
ENSG00000065883.14,CDK13,72,362.3111359
ENSG00000066084.12,DIP2B,72,219.7409767
ENSG00000066135.12,KDM4A,72,237.685795
ENSG00000066322.14,ELOVL1,72,210.8791515
ENSG00000066422.4,ZBTB11,72,215.8833614
ENSG00000066455.12,GOLGA5,72,271.3518673
ENSG00000066777.8,ARFGEF1,72,311.5664508
ENSG00000067066.16,SP100,72,199.647222
ENSG00000067900.7,ROCK1,72,209.9162534
ENSG00000068697.6,LAPTM4A,72,216.1780845
ENSG00000068745.14,IP6K2,72,248.5697542
ENSG00000069345.11,DNAJA2,72,243.2804902
ENSG00000070367.15,EXOC5,72,281.4579704
ENSG00000070413.19,DGCR2,72,219.9890417
ENSG00000070476.14,ZXDC,72,243.6884383
ENSG00000070831.15,CDC42,72,212.7521443
ENSG00000071243.15,ING3,72,276.0499767
ENSG00000071537.13,SEL1L,72,259.2175909
ENSG00000072609.17,CHFR,72,326.236284
ENSG00000072756.16,TRNT1,72,221.1645882
ENSG00000072803.17,FBXW11,72,273.6023854
ENSG00000072849.10,DERL2,72,238.8201079
ENSG00000073921.17,PICALM,72,212.6990267
ENSG00000073969.18,NSF,72,261.5001932
ENSG00000074319.12,TSG101,72,206.167949
ENSG00000074356.16,NCBP3,72,231.7471004
ENSG00000074603.18,DPP8,72,384.1935479
ENSG00000075292.18,ZNF638,72,294.0768979
ENSG00000075539.13,FRYL,72,279.1023499
ENSG00000075975.15,MKRN2,72,272.1728581
ENSG00000076053.10,RBM7,72,253.6953541
ENSG00000076513.16,ANKRD13A,72,238.427647
ENSG00000077254.14,USP33,72,344.013391
ENSG00000078140.13,UBE2K,72,313.0829849
ENSG00000078142.12,PIK3C3,72,330.1066453
ENSG00000078747.14,ITCH,72,301.2211318
ENSG00000079246.15,XRCC5,72,265.3984369
ENSG00000079950.13,STX7,72,269.4061803
ENSG00000080345.17,RIF1,72,221.9422019
ENSG00000080802.18,CNOT4,72,243.6718055
ENSG00000080815.18,PSEN1,72,299.4962596
ENSG00000081087.14,OSTM1,72,265.4338092
ENSG00000081237.18,PTPRC,72,219.8423527
ENSG00000082258.12,CCNT2,72,245.2911678
ENSG00000082701.14,GSK3B,72,271.0587383
ENSG00000083312.17,TNPO1,72,281.8598051
ENSG00000083520.14,DIS3,72,324.5085158
ENSG00000083642.18,PDS5B,72,310.0696135
ENSG00000083799.17,CYLD,72,253.013069
ENSG00000083937.8,CHMP2B,72,215.7186363
ENSG00000084073.8,ZMPSTE24,72,215.9137054
ENSG00000084093.16,REST,72,306.5237487
ENSG00000084733.10,RAB10,72,231.9692266
ENSG00000085365.17,SCAMP1,72,217.602949
ENSG00000085433.15,WDR47,72,225.6820246
ENSG00000085832.16,EPS15,72,294.9963196
ENSG00000086598.10,TMED2,72,259.1271206
ENSG00000086666.18,ZFAND6,72,236.5556662
ENSG00000087152.15,ATXN7L3,72,255.4773218
ENSG00000087338.4,GMCL1,72,242.1643168
ENSG00000088035.15,ALG6,72,199.1741054
ENSG00000088298.12,EDEM2,72,258.5720426
ENSG00000088448.14,ANKRD10,72,271.0518592
ENSG00000088930.7,XRN2,72,245.9622055
ENSG00000089234.15,BRAP,72,225.191048
ENSG00000089916.17,GPATCH2L,72,270.6610206
ENSG00000090054.13,SPTLC1,72,291.2204027
ENSG00000090060.17,PAPOLA,72,276.3795694
ENSG00000090686.15,USP48,72,318.3126145
ENSG00000090989.17,EXOC1,72,311.1308093
ENSG00000091009.7,RBM27,72,358.0718102
ENSG00000091140.13,DLD,72,227.8065893
ENSG00000091317.7,CMTM6,72,251.4189889
ENSG00000091527.15,CDV3,72,252.9204065
ENSG00000092108.20,SCFD1,72,207.0453996
ENSG00000092140.14,G2E3,72,203.9203949
ENSG00000092148.12,HECTD1,72,306.0461386
ENSG00000092330.15,TINF2,72,222.8614038
ENSG00000092531.9,SNAP23,72,201.6515617
ENSG00000093000.18,NUP50,72,210.2684808
ENSG00000093183.13,SEC22C,72,240.8457611
ENSG00000095139.13,ARCN1,72,199.6629485
ENSG00000095261.13,PSMD5,72,260.5391094
ENSG00000096401.7,CDC5L,72,331.0315891
ENSG00000096717.11,SIRT1,72,226.9354107
ENSG00000099246.16,RAB18,72,211.4384097
ENSG00000099940.11,SNAP29,72,285.187948
ENSG00000100030.14,MAPK1,72,302.4458348
ENSG00000100201.20,DDX17,72,303.4579427
ENSG00000100461.17,RBM23,72,204.8652218
ENSG00000100485.11,SOS2,72,237.8303714
ENSG00000100603.13,SNW1,72,258.9482428
ENSG00000100612.13,DHRS7,72,200.7591356
ENSG00000100811.12,YY1,72,257.321718
ENSG00000100815.12,TRIP11,72,271.5087696
ENSG00000100883.11,SRP54,72,221.2818362
ENSG00000100926.14,TM9SF1,72,203.7370572
ENSG00000100934.14,SEC23A,72,245.5369312
ENSG00000100938.17,GMPR2,72,250.152314
ENSG00000101109.11,STK4,72,229.7336908
ENSG00000101126.15,ADNP,72,327.919904
ENSG00000101138.11,CSTF1,72,225.5590973
ENSG00000101146.12,RAE1,72,213.5977534
ENSG00000101150.17,TPD52L2,72,200.0705965
ENSG00000101265.15,RASSF2,72,210.3190057
ENSG00000101290.13,CDS2,72,211.6714801
ENSG00000101343.14,CRNKL1,72,273.436225
ENSG00000101407.12,TTI1,72,225.1773313
ENSG00000101413.11,RPRD1B,72,309.1579668
ENSG00000101745.16,ANKRD12,72,206.7728254
ENSG00000101752.11,MIB1,72,201.9207947
ENSG00000102580.14,DNAJC3,72,255.8747491
ENSG00000102893.15,PHKB,72,286.2005657
ENSG00000102978.12,POLR2C,72,200.1152682
ENSG00000103111.14,MON1B,72,254.3818654
ENSG00000103479.15,RBL2,72,248.2619369
ENSG00000103671.9,TRIP4,72,232.936423
ENSG00000103769.9,RAB11A,72,232.989511
ENSG00000103978.15,TMEM87A,72,319.4278864
ENSG00000103994.16,ZNF106,72,238.6193767
ENSG00000104205.12,SGK3,72,234.3561983
ENSG00000104320.13,NBN,72,198.3364565
ENSG00000104343.19,UBE2W,72,211.1636706
ENSG00000104388.14,RAB2A,72,263.3244291
ENSG00000104643.9,MTMR9,72,259.5886741
ENSG00000104695.12,PPP2CB,72,230.1706262
ENSG00000105058.11,FAM32A,72,244.4498473
ENSG00000105186.15,ANKRD27,72,276.6495086
ENSG00000105483.17,CARD8,72,249.2276282
ENSG00000105778.18,AVL9,72,308.4031474
ENSG00000105851.10,PIK3CG,72,218.7807092
ENSG00000105879.11,CBLL1,72,233.9781385
ENSG00000105887.10,MTPN,72,204.6178252
ENSG00000106144.19,CASP2,72,250.5921572
ENSG00000106261.16,ZKSCAN1,72,248.4595627
ENSG00000106459.14,NRF1,72,220.1860679
ENSG00000106636.7,YKT6,72,245.1136221
ENSG00000107036.11,RIC1,72,261.4569393
ENSG00000107854.5,TNKS2,72,345.2760825
ENSG00000107897.18,ACBD5,72,321.4054937
ENSG00000107929.14,LARP4B,72,265.0377183
ENSG00000107938.17,EDRF1,72,289.211871
ENSG00000108055.9,SMC3,72,242.8501892
ENSG00000108094.14,CUL2,72,313.7107946
ENSG00000108256.8,NUFIP2,72,239.9015293
ENSG00000108424.9,KPNB1,72,252.7709575
ENSG00000108510.9,MED13,72,204.0851862
ENSG00000108587.15,GOSR1,72,308.6400623
ENSG00000108654.13,DDX5,72,238.060932
ENSG00000108774.14,RAB5C,72,208.4825262
ENSG00000108854.15,SMURF2,72,234.6437934
ENSG00000108946.14,PRKAR1A,72,245.4094152
ENSG00000109079.9,TNFAIP1,72,253.708345
ENSG00000109133.12,TMEM33,72,240.9530928
ENSG00000109180.14,OCIAD1,72,344.9348044
ENSG00000109586.11,GALNT7,72,211.8634183
ENSG00000110066.14,KMT5B,72,306.219318
ENSG00000110075.14,PPP6R3,72,292.4458561
ENSG00000110321.16,EIF4G2,72,291.9182164
ENSG00000110344.9,UBE4A,72,223.1943694
ENSG00000110367.11,DDX6,72,253.3488375
ENSG00000110429.13,FBXO3,72,304.0926487
ENSG00000110768.11,GTF2H1,72,264.6390413
ENSG00000111540.15,RAB5B,72,229.1751452
ENSG00000111707.11,SUDS3,72,223.0105302
ENSG00000111731.12,C2CD5,72,202.7426502
ENSG00000111737.11,RAB35,72,254.1560038
ENSG00000111786.8,SRSF9,72,203.2783654
ENSG00000111877.17,MCM9,72,279.2168008
ENSG00000111897.6,SERINC1,72,236.0371037
ENSG00000111911.6,HINT3,72,233.6558286
ENSG00000112079.8,STK38,72,240.4428548
ENSG00000112282.17,MED23,72,308.5150149
ENSG00000112308.12,C6orf62,72,238.0370441
ENSG00000112584.13,FAM120B,72,245.8507136
ENSG00000112679.14,DUSP22,72,283.774122
ENSG00000112697.15,TMEM30A,72,276.8905518
ENSG00000112701.17,SENP6,72,275.8565042
ENSG00000112739.16,PRPF4B,72,350.626953
ENSG00000112851.14,ERBIN,72,216.4015215
ENSG00000112855.14,HARS2,72,314.6722786
ENSG00000112983.17,BRD8,72,204.8514209
ENSG00000113161.15,HMGCR,72,209.3638113
ENSG00000113163.15,COL4A3BP,72,247.3131059
ENSG00000113194.12,FAF2,72,324.4079221
ENSG00000113300.11,CNOT6,72,291.9560522
ENSG00000113384.13,GOLPH3,72,323.8057801
ENSG00000113441.15,LNPEP,72,297.8143279
ENSG00000113575.9,PPP2CA,72,307.3295254
ENSG00000113580.14,NR3C1,72,216.1837908
ENSG00000113593.11,PPWD1,72,310.887355
ENSG00000113712.17,CSNK1A1,72,300.1772513
ENSG00000113845.9,TIMMDC1,72,209.9509708
ENSG00000114098.17,ARMC8,72,333.5867248
ENSG00000114302.15,PRKAR2A,72,200.4035635
ENSG00000114331.13,ACAP2,72,281.7800043
ENSG00000114573.9,ATP6V1A,72,261.7194148
ENSG00000114648.11,KLHL18,72,271.6027578
ENSG00000114742.13,WDR48,72,248.5968537
ENSG00000114744.8,COMMD2,72,243.168597
ENSG00000114933.15,INO80D,72,250.4580274
ENSG00000114978.17,MOB1A,72,345.7875183
ENSG00000115020.16,PIKFYVE,72,210.052133
ENSG00000115084.13,SLC35F5,72,205.1939408
ENSG00000115091.11,ACTR3,72,233.9588175
ENSG00000115145.9,STAM2,72,244.6950504
ENSG00000115310.17,RTN4,72,263.1917065
ENSG00000115421.12,PAPOLG,72,273.0802882
ENSG00000115446.11,UNC50,72,223.3911198
ENSG00000115524.15,SF3B1,72,303.5795495
ENSG00000115561.15,CHMP3,72,219.6186693
ENSG00000115760.13,BIRC6,72,244.7533557
ENSG00000115808.11,STRN,72,279.6844926
ENSG00000115816.14,CEBPZ,72,205.5480641
ENSG00000115904.12,SOS1,72,261.7643512
ENSG00000115947.13,ORC4,72,213.6363096
ENSG00000116001.15,TIA1,72,276.7011831
ENSG00000116095.10,PLEKHA3,72,243.8060812
ENSG00000116266.10,STXBP3,72,261.0537165
ENSG00000116473.14,RAP1A,72,217.7431433
ENSG00000116489.12,CAPZA1,72,236.5556528
ENSG00000116539.12,ASH1L,72,205.1360395
ENSG00000116731.22,PRDM2,72,238.3134203
ENSG00000116747.12,TROVE2,72,325.9665419
ENSG00000116903.7,EXOC8,72,228.1743101
ENSG00000116906.11,GNPAT,72,233.3293145
ENSG00000117153.15,KLHL12,72,258.8675343
ENSG00000117222.13,RBBP5,72,305.6858544
ENSG00000117475.13,BLZF1,72,201.567887
ENSG00000117500.12,TMED5,72,257.4386547
ENSG00000117505.12,DR1,72,277.8026198
ENSG00000117614.9,SYF2,72,253.8997766
ENSG00000117697.14,NSL1,72,237.2481845
ENSG00000117713.18,ARID1A,72,228.3620406
ENSG00000117751.17,PPP1R8,72,321.7121836
ENSG00000117862.11,TXNDC12,72,238.0012046
ENSG00000118007.12,STAG1,72,275.8964664
ENSG00000118197.13,DDX59,72,255.1395432
ENSG00000118260.14,CREB1,72,286.5179686
ENSG00000118579.12,MED28,72,294.3078207
ENSG00000118873.15,RAB3GAP2,72,312.3153217
ENSG00000119328.11,FAM206A,72,204.7351307
ENSG00000119392.14,GLE1,72,318.9841786
ENSG00000119396.10,RAB14,72,361.955575
ENSG00000119397.16,CNTRL,72,256.3462457
ENSG00000119414.11,PPP6C,72,311.6833335
ENSG00000119446.13,RBM18,72,274.2705192
ENSG00000119541.9,VPS4B,72,317.8735487
ENSG00000119616.11,FCF1,72,299.6892674
ENSG00000119638.12,NEK9,72,223.1823322
ENSG00000119682.16,AREL1,72,236.8288049
ENSG00000119720.17,NRDE2,72,250.2288039
ENSG00000119729.11,RHOQ,72,207.1295979
ENSG00000119820.10,YIPF4,72,203.6509434
ENSG00000119844.15,AFTPH,72,299.0398803
ENSG00000119899.12,SLC17A5,72,248.1420906
ENSG00000119906.11,SLF2,72,260.2501149
ENSG00000119953.12,SMNDC1,72,244.6136125
ENSG00000119979.16,FAM45A,72,217.9546601
ENSG00000120071.13,KANSL1,72,204.1777153
ENSG00000120616.15,EPC1,72,308.8893387
ENSG00000120656.11,TAF12,72,212.0565886
ENSG00000120727.12,PAIP2,72,214.1961771
ENSG00000120733.13,KDM3B,72,291.2713415
ENSG00000120992.17,LYPLA1,72,201.0278882
ENSG00000121067.17,SPOP,72,284.0002569
ENSG00000121481.10,RNF2,72,205.3948927
ENSG00000121579.12,NAA50,72,223.9537061
ENSG00000121644.18,DESI2,72,274.5024395
ENSG00000121879.3,PIK3CA,72,276.2975071
ENSG00000122042.9,UBL3,72,243.2454097
ENSG00000122257.18,RBBP6,72,281.7331694
ENSG00000122545.18,07-Sep,72,363.1092393
ENSG00000122550.17,KLHL7,72,214.5174112
ENSG00000122565.18,CBX3,72,228.1939193
ENSG00000122692.8,SMU1,72,326.3594766
ENSG00000123200.16,ZC3H13,72,269.9046444
ENSG00000123684.12,LPGAT1,72,278.1175125
ENSG00000124164.15,VAPB,72,201.2936783
ENSG00000124209.3,RAB22A,72,315.3224854
ENSG00000124356.15,STAMBP,72,294.0385316
ENSG00000124783.12,SSR1,72,357.6279644
ENSG00000124786.9,SLC35B3,72,214.7308301
ENSG00000124831.18,LRRFIP1,72,214.5973297
ENSG00000125107.17,CNOT1,72,250.7994757
ENSG00000125304.8,TM9SF2,72,245.9557827
ENSG00000125779.21,PANK2,72,278.885585
ENSG00000125875.13,TBC1D20,72,234.6879499
ENSG00000126070.19,AGO3,72,249.7103065
ENSG00000126391.13,FRMD8,72,214.3647938
ENSG00000126581.12,BECN1,72,283.9005445
ENSG00000126653.17,NSRP1,72,201.2720398
ENSG00000126773.12,PCNX4,72,214.8376702
ENSG00000126858.16,RHOT1,72,201.1909667
ENSG00000127125.8,PPCS,72,249.1006822
ENSG00000127314.17,RAP1B,72,314.0283849
ENSG00000127870.16,RNF6,72,276.2281873
ENSG00000127993.15,RBM48,72,259.7817817
ENSG00000128607.13,KLHDC10,72,261.8300854
ENSG00000128699.13,ORMDL1,72,273.8731087
ENSG00000128989.10,ARPP19,72,333.8292938
ENSG00000129071.9,MBD4,72,297.7336046
ENSG00000129083.12,COPB1,72,327.1515616
ENSG00000129128.12,SPCS3,72,327.1661766
ENSG00000129515.18,SNX6,72,308.2241544
ENSG00000129534.13,MIS18BP1,72,205.410437
ENSG00000129625.12,REEP5,72,208.1622146
ENSG00000129636.12,ITFG1,72,214.4244614
ENSG00000129933.20,MAU2,72,271.9333383
ENSG00000130779.19,CLIP1,72,218.7877947
ENSG00000130939.18,UBE4B,72,243.1512106
ENSG00000131013.3,PPIL4,72,273.9258531
ENSG00000131051.22,RBM39,72,204.7158373
ENSG00000131467.10,PSME3,72,238.5916404
ENSG00000131503.20,ANKHD1,72,251.1063677
ENSG00000131507.10,NDFIP1,72,285.5391412
ENSG00000131732.11,ZCCHC9,72,199.1912084
ENSG00000131966.13,ACTR10,72,216.0592776
ENSG00000132294.14,EFR3A,72,284.1985679
ENSG00000132356.11,PRKAA1,72,205.5889812
ENSG00000132388.12,UBE2G1,72,279.0181285
ENSG00000132424.14,PNISR,72,236.1110098
ENSG00000132466.18,ANKRD17,72,233.4917165
ENSG00000132485.13,ZRANB2,72,232.1749909
ENSG00000132842.13,AP3B1,72,285.0276086
ENSG00000133704.9,IPO8,72,299.3143804
ENSG00000133731.9,IMPA1,72,230.3769066
ENSG00000133794.17,ARNTL,72,205.9173011
ENSG00000133858.15,ZFC3H1,72,212.6350928
ENSG00000133997.11,MED6,72,251.1304147
ENSG00000134058.11,CDK7,72,213.7775241
ENSG00000134086.7,VHL,72,288.356985
ENSG00000134109.10,EDEM1,72,209.5816158
ENSG00000134153.9,EMC7,72,217.8659616
ENSG00000134186.11,PRPF38B,72,217.7628816
ENSG00000134255.13,CEPT1,72,277.7490879
ENSG00000134313.15,KIDINS220,72,219.5114527
ENSG00000134318.13,ROCK2,72,227.2244235
ENSG00000134371.10,CDC73,72,215.2551667
ENSG00000134444.13,KIAA1468,72,264.7849213
ENSG00000134698.10,AGO4,72,231.6890111
ENSG00000134717.17,BTF3L4,72,203.2832009
ENSG00000134982.16,APC,72,199.4135675
ENSG00000134996.11,OSTF1,72,215.3307138
ENSG00000135090.13,TAOK3,72,302.4308419
ENSG00000135317.12,SNX14,72,237.9327276
ENSG00000135341.17,MAP3K7,72,393.8257756
ENSG00000135392.15,DNAJC14,72,258.7974693
ENSG00000135457.9,TFCP2,72,264.8290502
ENSG00000135535.15,CD164,72,210.6074456
ENSG00000135870.11,RC3H1,72,225.3514228
ENSG00000135900.3,MRPL44,72,244.9929402
ENSG00000135932.10,CAB39,72,201.0966442
ENSG00000135974.9,C2orf49,72,299.3627022
ENSG00000135999.11,EPC2,72,252.1674855
ENSG00000136051.13,WASHC4,72,213.7905701
ENSG00000136100.12,VPS36,72,324.3758685
ENSG00000136144.11,RCBTB1,72,226.241238
ENSG00000136146.14,MED4,72,366.5977096
ENSG00000136381.12,IREB2,72,322.3526231
ENSG00000136450.12,SRSF1,72,296.9653624
ENSG00000136451.8,VEZF1,72,362.7874971
ENSG00000136536.14,07-Mar,72,263.3715145
ENSG00000136560.13,TANK,72,251.9126526
ENSG00000136731.12,UGGT1,72,198.4692991
ENSG00000136754.16,ABI1,72,215.7533175
ENSG00000136758.18,YME1L1,72,362.9638275
ENSG00000136827.11,TOR1A,72,200.3765122
ENSG00000136932.13,TRMO,72,220.7182452
ENSG00000137275.13,RIPK1,72,252.9170157
ENSG00000137492.7,THAP12,72,233.3272353
ENSG00000137776.16,SLTM,72,347.5191013
ENSG00000137845.14,ADAM10,72,282.6644697
ENSG00000137947.11,GTF2B,72,198.5477
ENSG00000137996.12,RTCA,72,262.613455
ENSG00000138071.13,ACTR2,72,278.2638418
ENSG00000138081.20,FBXO11,72,209.7531865
ENSG00000138459.8,SLC35A5,72,254.3251848
ENSG00000138592.13,USP8,72,347.6871999
ENSG00000138594.13,TMOD3,72,199.3780868
ENSG00000138600.9,SPPL2A,72,225.5844694
ENSG00000138768.14,USO1,72,337.4587562
ENSG00000138802.11,SEC24B,72,200.1763948
ENSG00000138814.16,PPP3CA,72,231.453614
ENSG00000139163.15,ETNK1,72,207.1633807
ENSG00000139218.17,SCAF11,72,361.9844172
ENSG00000139233.6,LLPH,72,199.7271975
ENSG00000139436.20,GIT2,72,315.6316544
ENSG00000139505.11,MTMR6,72,244.8544788
ENSG00000139644.12,TMBIM6,72,291.1963377
ENSG00000139687.13,RB1,72,212.5564496
ENSG00000139697.13,SBNO1,72,330.7372048
ENSG00000139719.9,VPS33A,72,242.2987785
ENSG00000139746.15,RBM26,72,298.5525034
ENSG00000140153.17,WDR20,72,330.259551
ENSG00000140157.14,NIPA2,72,327.0349502
ENSG00000140199.11,SLC12A6,72,239.4373706
ENSG00000140299.11,BNIP2,72,203.3835914
ENSG00000140455.16,USP3,72,287.8109649
ENSG00000140632.16,GLYR1,72,347.1357308
ENSG00000141219.15,C17orf80,72,212.2716751
ENSG00000141279.15,NPEPPS,72,257.8446864
ENSG00000141367.11,CLTC,72,213.9565472
ENSG00000141424.12,SLC39A6,72,209.8421344
ENSG00000141425.17,RPRD1A,72,221.9864765
ENSG00000141429.13,GALNT1,72,220.8124901
ENSG00000141646.13,SMAD4,72,375.995323
ENSG00000142867.12,BCL10,72,241.880738
ENSG00000143149.12,ALDH9A1,72,198.3338843
ENSG00000143155.12,TIPRL,72,257.9898126
ENSG00000143207.19,RFWD2,72,279.0424247
ENSG00000143324.13,XPR1,72,220.219705
ENSG00000143337.18,TOR1AIP1,72,315.281208
ENSG00000143379.12,SETDB1,72,284.7931816
ENSG00000143398.19,PIP5K1A,72,228.5375801
ENSG00000143418.19,CERS2,72,222.8610658
ENSG00000143612.19,C1orf43,72,203.9931694
ENSG00000143633.12,C1orf131,72,204.390847
ENSG00000143669.13,LYST,72,203.5283808
ENSG00000143756.11,FBXO28,72,326.6484011
ENSG00000143815.14,LBR,72,206.3921887
ENSG00000143970.16,ASXL2,72,237.5421634
ENSG00000144048.10,DUSP11,72,310.5495368
ENSG00000144224.16,UBXN4,72,205.9165366
ENSG00000144233.9,AMMECR1L,72,312.2407873
ENSG00000144357.16,UBR3,72,261.9063278
ENSG00000144635.8,DYNC1LI1,72,293.9806603
ENSG00000144744.16,UBA3,72,253.0464718
ENSG00000144746.6,ARL6IP5,72,252.6102631
ENSG00000144747.15,TMF1,72,239.9185325
ENSG00000144815.15,NXPE3,72,198.7699249
ENSG00000144909.7,OSBPL11,72,260.0895889
ENSG00000145388.14,METTL14,72,289.4456769
ENSG00000145439.11,CBR4,72,198.7562387
ENSG00000145715.14,RASA1,72,294.6161174
ENSG00000145740.18,SLC30A5,72,326.5443408
ENSG00000145779.7,TNFAIP8,72,224.0086365
ENSG00000145782.12,ATG12,72,314.2913153
ENSG00000145817.16,YIPF5,72,215.7395642
ENSG00000145860.11,RNF145,72,202.1488286
ENSG00000145868.16,FBXO38,72,249.7606734
ENSG00000146282.17,RARS2,72,230.2913323
ENSG00000146457.14,WTAP,72,236.2038217
ENSG00000146676.8,PURB,72,251.9326641
ENSG00000146729.9,GBAS,72,227.8932623
ENSG00000146802.12,TMEM168,72,224.1587925
ENSG00000146872.17,TLK2,72,255.3135765
ENSG00000147526.19,TACC1,72,282.3130902
ENSG00000147533.16,GOLGA7,72,228.120045
ENSG00000147679.11,UTP23,72,199.2979144
ENSG00000147789.15,ZNF7,72,217.0038969
ENSG00000148153.13,INIP,72,280.3409385
ENSG00000148358.19,GPR107,72,327.2365848
ENSG00000148634.15,HERC4,72,245.701422
ENSG00000148700.14,ADD3,72,214.4124667
ENSG00000149177.12,PTPRJ,72,249.2353507
ENSG00000149187.17,CELF1,72,225.6402375
ENSG00000149313.10,AASDHPPT,72,299.8078109
ENSG00000149532.15,CPSF7,72,207.0677314
ENSG00000150527.16,CTAGE5,72,259.6195269
ENSG00000150776.17,C11orf57,72,210.4278205
ENSG00000151116.16,UEVLD,72,226.8973648
ENSG00000151148.13,UBE3B,72,277.2576837
ENSG00000151292.17,CSNK1G3,72,238.7781297
ENSG00000151461.19,UPF2,72,284.9569603
ENSG00000151532.13,VTI1A,72,206.4521521
ENSG00000151576.10,QTRT2,72,219.5483671
ENSG00000151657.11,KIN,72,237.2262377
ENSG00000151702.16,FLI1,72,261.7425306
ENSG00000152102.17,FAM168B,72,202.754458
ENSG00000152291.13,TGOLN2,72,227.7980302
ENSG00000152332.15,UHMK1,72,260.4197264
ENSG00000152520.13,PAN3,72,219.9200609
ENSG00000152683.14,SLC30A6,72,317.1178554
ENSG00000152904.11,GGPS1,72,219.6717561
ENSG00000153029.14,MR1,72,216.9955175
ENSG00000153037.13,SRP19,72,220.6148768
ENSG00000153147.5,SMARCA5,72,320.3440984
ENSG00000153214.9,TMEM87B,72,201.1344562
ENSG00000153339.13,TRAPPC8,72,341.4026357
ENSG00000153767.9,GTF2E1,72,213.3783359
ENSG00000153786.12,ZDHHC7,72,246.6836826
ENSG00000154305.16,MIA3,72,217.4021646
ENSG00000154727.10,GABPA,72,293.699644
ENSG00000155111.14,CDK19,72,233.8335023
ENSG00000155313.15,USP25,72,264.2540384
ENSG00000155729.12,KCTD18,72,239.0824569
ENSG00000155827.11,RNF20,72,244.9555819
ENSG00000155957.17,TMBIM4,72,232.8080575
ENSG00000156256.14,USP16,72,297.8283602
ENSG00000156599.10,ZDHHC5,72,283.5230023
ENSG00000156875.13,MFSD14A,72,287.4862194
ENSG00000157106.16,SMG1,72,283.1921845
ENSG00000157450.15,RNF111,72,203.7570593
ENSG00000157538.13,DSCR3,72,364.8389507
ENSG00000157540.19,DYRK1A,72,208.9914086
ENSG00000157916.19,RER1,72,294.1844819
ENSG00000158435.7,CNOT11,72,292.3632186
ENSG00000159140.19,SON,72,266.5805096
ENSG00000159256.12,MORC3,72,210.0622481
ENSG00000159314.11,ARHGAP27,72,221.5640564
ENSG00000159322.17,ADPGK,72,266.4540071
ENSG00000159579.13,RSPRY1,72,389.9341243
ENSG00000159592.10,GPBP1L1,72,255.8966981
ENSG00000159596.6,TMEM69,72,223.7746441
ENSG00000159842.14,ABR,72,201.0677408
ENSG00000160087.20,UBE2J2,72,254.561811
ENSG00000160551.11,TAOK1,72,267.9110334
ENSG00000160679.12,CHTOP,72,317.5702911
ENSG00000160714.9,UBE2Q1,72,296.5038617
ENSG00000161021.11,MAML1,72,306.6227524
ENSG00000162441.11,LZIC,72,241.7502461
ENSG00000162604.12,TM2D1,72,223.6048131
ENSG00000162607.12,USP1,72,232.6757589
ENSG00000162642.13,C1orf52,72,275.745305
ENSG00000162695.11,SLC30A7,72,318.6956448
ENSG00000162819.11,BROX,72,291.529682
ENSG00000162869.15,PPP1R21,72,335.6590963
ENSG00000162928.8,PEX13,72,230.1983229
ENSG00000163029.15,SMC6,72,224.1836706
ENSG00000163166.14,IWS1,72,244.6535519
ENSG00000163312.10,HELQ,72,260.5187978
ENSG00000163320.10,CGGBP1,72,219.3057186
ENSG00000163510.13,CWC22,72,296.4000839
ENSG00000163513.17,TGFBR2,72,265.8147522
ENSG00000163636.10,PSMD6,72,227.7803974
ENSG00000163681.14,SLMAP,72,229.7217573
ENSG00000163683.11,SMIM14,72,214.6944861
ENSG00000163781.12,TOPBP1,72,328.452832
ENSG00000163848.19,ZNF148,72,305.7248902
ENSG00000163877.10,SNIP1,72,240.5279925
ENSG00000163904.12,SENP2,72,289.4612309
ENSG00000163946.13,FAM208A,72,307.1595137
ENSG00000163960.11,UBXN7,72,234.7770799
ENSG00000164031.16,DNAJB14,72,237.0109068
ENSG00000164074.14,ABHD18,72,314.2737609
ENSG00000164091.11,WDR82,72,253.6893316
ENSG00000164117.13,FBXO8,72,240.9705111
ENSG00000164168.7,TMEM184C,72,298.9642048
ENSG00000164190.17,NIPBL,72,244.3397897
ENSG00000164209.16,SLC25A46,72,229.6594437
ENSG00000164219.9,PGGT1B,72,232.0731003
ENSG00000164252.12,AGGF1,72,254.8247318
ENSG00000164305.18,CASP3,72,207.1096298
ENSG00000164329.13,PAPD4,72,246.1337431
ENSG00000164331.9,ANKRA2,72,203.7580836
ENSG00000164332.7,UBLCP1,72,240.7163257
ENSG00000164347.17,GFM2,72,254.7305257
ENSG00000164609.9,SLU7,72,245.0572397
ENSG00000164754.14,RAD21,72,211.9381305
ENSG00000164941.13,INTS8,72,279.2869435
ENSG00000164944.11,KIAA1429,72,315.6291658
ENSG00000164961.15,WASHC5,72,238.1219049
ENSG00000164970.14,FAM219A,72,212.4478334
ENSG00000164983.7,TMEM65,72,209.4925075
ENSG00000164985.14,PSIP1,72,296.186665
ENSG00000165025.14,SYK,72,222.837547
ENSG00000165119.20,HNRNPK,72,255.5819597
ENSG00000165355.7,FBXO33,72,201.8881596
ENSG00000165476.13,REEP3,72,209.906842
ENSG00000165487.13,MICU2,72,334.4387203
ENSG00000165525.17,NEMF,72,273.4422092
ENSG00000165660.7,FAM175B,72,269.0441296
ENSG00000165672.6,PRDX3,72,199.6164396
ENSG00000165678.20,GHITM,72,275.4097102
ENSG00000165813.18,CCDC186,72,214.486553
ENSG00000165934.12,CPSF2,72,247.7875465
ENSG00000166024.13,R3HCC1L,72,237.0032245
ENSG00000166135.13,HIF1AN,72,210.3754729
ENSG00000166225.8,FRS2,72,224.4006262
ENSG00000166478.9,ZNF143,72,216.3935766
ENSG00000166479.9,TMX3,72,238.5303712
ENSG00000166501.12,PRKCB,72,271.7069775
ENSG00000166734.18,CASC4,72,226.2283473
ENSG00000166913.12,YWHAB,72,208.2832221
ENSG00000166971.16,AKTIP,72,202.7673162
ENSG00000167193.7,CRK,72,245.2015949
ENSG00000167977.8,KCTD5,72,221.7818774
ENSG00000167985.6,SDHAF2,72,215.4068796
ENSG00000168036.16,CTNNB1,72,255.3052466
ENSG00000168092.13,PAFAH1B2,72,346.0467163
ENSG00000168172.8,HOOK3,72,242.7114038
ENSG00000168216.10,LMBRD1,72,239.5261263
ENSG00000168310.10,IRF2,72,202.3598122
ENSG00000168385.17,02-Sep,72,290.0991289
ENSG00000168438.14,CDC40,72,301.6826983
ENSG00000168522.12,FNTA,72,314.4280566
ENSG00000168538.15,TRAPPC11,72,295.9840376
ENSG00000168564.5,CDKN2AIP,72,278.1697633
ENSG00000168566.12,SNRNP48,72,270.209818
ENSG00000168710.17,AHCYL1,72,325.6950461
ENSG00000168876.8,ANKRD49,72,226.4579192
ENSG00000168887.10,C2orf68,72,274.4453814
ENSG00000169118.17,CSNK1G1,72,300.1184581
ENSG00000170234.12,PWWP2A,72,268.3774902
ENSG00000170248.13,PDCD6IP,72,265.3022778
ENSG00000170471.14,RALGAPB,72,355.4839283
ENSG00000170633.16,RNF34,72,302.8247431
ENSG00000170759.10,KIF5B,72,245.8386653
ENSG00000170836.11,PPM1D,72,204.9960631
ENSG00000170852.10,KBTBD2,72,300.00514
ENSG00000170871.11,KIAA0232,72,239.6193574
ENSG00000170876.7,TMEM43,72,270.2848446
ENSG00000171055.14,FEZ2,72,231.6350355
ENSG00000171109.18,MFN1,72,264.5565433
ENSG00000171169.8,NAIF1,72,201.6264924
ENSG00000171469.10,ZNF561,72,231.9186652
ENSG00000171475.13,WIPF2,72,251.5422294
ENSG00000171608.15,PIK3CD,72,221.1846714
ENSG00000171634.16,BPTF,72,222.1565188
ENSG00000171940.13,ZNF217,72,216.5262594
ENSG00000172046.18,USP19,72,209.8443997
ENSG00000172466.15,ZNF24,72,325.8905534
ENSG00000172667.10,ZMAT3,72,217.9602727
ENSG00000172795.15,DCP2,72,227.8855743
ENSG00000172936.12,MYD88,72,214.5972326
ENSG00000173011.11,TADA2B,72,231.399101
ENSG00000173273.15,TNKS,72,250.2498045
ENSG00000173545.4,ZNF622,72,214.0596618
ENSG00000173757.9,STAT5B,72,222.0195662
ENSG00000174106.2,LEMD3,72,216.9189298
ENSG00000174574.15,AKIRIN1,72,230.7598081
ENSG00000174579.3,MSL2,72,241.987613
ENSG00000174606.13,ANGEL2,72,269.4157625
ENSG00000174695.9,TMEM167A,72,200.3247277
ENSG00000175029.16,CTBP2,72,233.9355336
ENSG00000175073.7,VCPIP1,72,252.8864643
ENSG00000175104.14,TRAF6,72,231.000129
ENSG00000175376.8,EIF1AD,72,235.898327
ENSG00000175387.15,SMAD2,72,316.8316916
ENSG00000176390.11,CRLF3,72,320.6821368
ENSG00000176853.15,FAM91A1,72,237.2569379
ENSG00000176994.10,SMCR8,72,220.9328358
ENSG00000177885.13,GRB2,72,277.2285845
ENSG00000177981.10,ASB8,72,297.4983134
ENSG00000178913.7,TAF7,72,219.6333623
ENSG00000178988.10,MRFAP1L1,72,236.7853771
ENSG00000179010.14,MRFAP1,72,252.2247603
ENSG00000179021.9,C3orf38,72,234.8741732
ENSG00000179119.14,SPTY2D1,72,235.0348366
ENSG00000179456.10,ZBTB18,72,220.4645772
ENSG00000179562.2,GCC1,72,253.58561
ENSG00000179918.18,SEPHS2,72,225.9589238
ENSG00000180008.8,SOCS4,72,214.2889025
ENSG00000180233.10,ZNRF2,72,232.6910247
ENSG00000180370.10,PAK2,72,223.7055615
ENSG00000180398.11,MCFD2,72,236.2333042
ENSG00000181192.11,DHTKD1,72,206.2193177
ENSG00000181472.4,ZBTB2,72,204.6496384
ENSG00000181555.20,SETD2,72,211.1802595
ENSG00000181852.17,RNF41,72,235.5753734
ENSG00000181904.8,C5orf24,72,230.4156602
ENSG00000182149.20,IST1,72,201.2271275
ENSG00000182400.14,TRAPPC6B,72,277.4573469
ENSG00000182831.11,C16orf72,72,223.7433753
ENSG00000182973.18,CNOT10,72,207.3056537
ENSG00000183155.4,RABIF,72,217.9865596
ENSG00000183291.15,SELENOF,72,264.3430118
ENSG00000183475.12,ASB7,72,256.5476881
ENSG00000183530.13,PRR14L,72,299.5857972
ENSG00000183718.5,TRIM52,72,266.448053
ENSG00000183726.10,TMEM50A,72,271.2423091
ENSG00000183735.9,TBK1,72,281.9989745
ENSG00000184432.9,COPB2,72,252.4686335
ENSG00000184743.12,ATL3,72,251.3569777
ENSG00000184863.10,RBM33,72,220.0613685
ENSG00000185009.12,AP3M1,72,290.1075221
ENSG00000185127.6,C6orf120,72,237.9828339
ENSG00000185158.12,LRRC37B,72,203.9786127
ENSG00000185591.9,SP1,72,215.1130086
ENSG00000185722.16,ANKFY1,72,231.2292546
ENSG00000185728.16,YTHDF3,72,260.0046626
ENSG00000185787.14,MORF4L1,72,292.990546
ENSG00000185811.16,IKZF1,72,238.1308593
ENSG00000185946.15,RNPC3,72,202.5838482
ENSG00000185963.13,BICD2,72,243.0333886
ENSG00000186298.11,PPP1CC,72,270.4029398
ENSG00000186517.13,ARHGAP30,72,203.2534461
ENSG00000186625.13,KATNA1,72,259.4637457
ENSG00000186660.14,ZFP91,72,255.6365201
ENSG00000186812.12,ZNF397,72,226.192097
ENSG00000187257.15,RSBN1L,72,239.4828137
ENSG00000187742.14,SECISBP2,72,206.7213041
ENSG00000187866.8,FAM122A,72,258.9902371
ENSG00000188554.13,NBR1,72,250.6618503
ENSG00000188895.11,MSL1,72,245.9013877
ENSG00000188938.15,FAM120AOS,72,244.3394368
ENSG00000189050.15,RNFT1,72,247.6460002
ENSG00000189241.6,TSPYL1,72,231.9318003
ENSG00000189376.11,C8orf76,72,214.6366018
ENSG00000196116.7,TDRD7,72,227.317265
ENSG00000196199.13,MPHOSPH8,72,257.6073295
ENSG00000196455.7,PIK3R4,72,238.81898
ENSG00000196504.15,PRPF40A,72,376.0427759
ENSG00000196505.10,GDAP2,72,283.5157178
ENSG00000196510.12,ANAPC7,72,262.9351998
ENSG00000196591.11,HDAC2,72,261.1575309
ENSG00000196652.11,ZKSCAN5,72,259.0576557
ENSG00000196757.7,ZNF700,72,225.7336229
ENSG00000196776.14,CD47,72,329.9165366
ENSG00000197024.8,ZNF398,72,199.0999819
ENSG00000197170.9,PSMD12,72,243.6368267
ENSG00000197343.10,ZNF655,72,283.0689256
ENSG00000197442.9,MAP3K5,72,273.8583698
ENSG00000197601.12,FAR1,72,201.1661802
ENSG00000197619.13,ZNF615,72,202.4941255
ENSG00000197622.12,CDC42SE1,72,218.8606384
ENSG00000197724.10,PHF2,72,232.0669566
ENSG00000197771.12,MCMBP,72,312.989305
ENSG00000198001.13,IRAK4,72,261.5926082
ENSG00000198160.14,MIER1,72,266.0027085
ENSG00000198231.12,DDX42,72,225.5983112
ENSG00000198265.11,HELZ,72,207.6741579
ENSG00000198399.14,ITSN2,72,236.0628319
ENSG00000198642.6,KLHL9,72,266.244255
ENSG00000198663.16,C6orf89,72,303.1934341
ENSG00000198730.7,CTR9,72,238.9529564
ENSG00000198783.5,ZNF830,72,225.9466338
ENSG00000198791.11,CNOT7,72,298.1545128
ENSG00000198818.9,SFT2D1,72,220.210172
ENSG00000198862.13,LTN1,72,265.6981146
ENSG00000198909.7,MAP3K3,72,250.4435247
ENSG00000198961.9,PJA2,72,216.9220753
ENSG00000204120.14,GIGYF2,72,264.2573265
ENSG00000204256.12,BRD2,72,199.0428465
ENSG00000204370.9,SDHD,72,262.6852926
ENSG00000204439.3,C6orf47,72,204.5477914
ENSG00000205423.11,CNEP1R1,72,224.7428355
ENSG00000205765.8,C5orf51,72,236.5139719
ENSG00000211455.7,STK38L,72,225.992303
ENSG00000211456.10,SACM1L,72,298.4055398
ENSG00000213079.9,SCAF8,72,262.0822951
ENSG00000213281.4,NRAS,72,228.425434
ENSG00000213341.10,CHUK,72,238.7972446
ENSG00000214013.9,GANC,72,200.2908503
ENSG00000225190.10,PLEKHM1,72,198.9252623
ENSG00000225733.5,FGD5-AS1,72,303.5171669
ENSG00000227345.8,PARG,72,257.4895773
ENSG00000236287.7,ZBED5,72,240.1189027
ENSG00000239305.6,RNF103,72,203.6135724
ENSG00000240682.9,ISY1,72,282.1408371
ENSG00000241685.9,ARPC1A,72,210.5500798
ENSG00000243646.9,IL10RB,72,215.7435453
ENSG00000244045.12,TMEM199,72,250.1244545
ENSG00000244754.8,N4BP2L2,72,246.3658876
ENSG00000247315.3,ZCCHC3,72,216.811447
ENSG00000247556.6,OIP5-AS1,72,201.4824006
ENSG00000249709.7,ZNF564,72,200.2910372
ENSG00000249915.7,PDCD6,72,206.6059028
ENSG00000253352.8,TUG1,72,261.9349593
ENSG00000253797.2,UTP14C,72,206.4397488
ENSG00000255112.2,CHMP1B,72,256.9417337
ENSG00000256683.6,ZNF350,72,213.5114533
ENSG00000257103.8,LSM14A,72,329.381344
ENSG00000257621.7,PSMA3-AS1,72,262.8055618
ENSG00000260032.1,NORAD,72,243.8241123
ENSG00000266820.1,KPNA2P3,72,206.783996
ENSG00000267680.5,ZNF224,72,229.1685194
ENSG00000272325.1,NUDT3,72,216.3274217
ENSG00000272886.5,DCP1A,72,341.0858455
ENSG00000275052.4,PPP4R3B,72,367.3855344
ENSG00000278311.4,GGNBP2,72,309.1331774
ENSG00000077522.12,ACTN2,74,7.405949618
ENSG00000104879.4,CKM,74,6.457877557
ENSG00000114854.7,TNNC1,74,6.031479965
ENSG00000168530.15,MYL1,74,6.875672663
ENSG00000170290.3,SLN,74,6.626088129
ENSG00000177791.11,MYOZ1,74,8.215314677
ENSG00000196091.13,MYBPC1,74,6.718969911
ENSG00000197893.13,NRAP,74,6.295162625
ENSG00000198125.12,MB,74,6.7519517
ENSG00000091583.10,APOH,75,4.7416663
ENSG00000106927.11,AMBP,75,4.809004039
ENSG00000110245.11,APOC3,75,4.215210202
ENSG00000118271.9,TTR,75,3.394500841
ENSG00000145321.12,GC,75,4.4321178
ENSG00000158874.11,APOA2,75,4.094495168
ENSG00000187758.7,ADH1A,75,3.510232593
ENSG00000234906.9,APOC2,75,4.349899713
