Disease,Ensembl Gene ID,Gene,Chromosome,Start Position,Stop Position,AE TWAS,Standard TWAS,DisGeNet GDA Score
ASD,ENSG00000081189.15,MEF2C,5,88717117,88904257, NA,3.75e-02,0.41
ASD,ENSG00000100030.14,MAPK1,22,21754500,21867680,2.66e-02, NA,0.23
ASD,ENSG00000180370.10,PAK2,3,196739857,196832647,1.12e-02, NA,0.21
ASD,ENSG00000075624.13,ACTB,7,5527151,5563784,4.50e-02, NA,0.1
ASD,ENSG00000181481.13,RNF135,17,30968785,30999911,4.53e-02, NA,0.1
ASD,ENSG00000121879.3,PIK3CA,3,179148114,179236690,4.70e-02, NA,0.06
ASD,ENSG00000171608.15,PIK3CD,1,9651732,9729025, NA,3.34e-02,0.05
ASD,ENSG00000171316.11,CHD7,8,60678778,60868028, NA,4.74e-02,0.04
ASD,ENSG00000007168.12,PAFAH1B1,17,2593210,2685615,3.95e-02, NA,0.03
ASD,ENSG00000119401.10,TRIM32,9,116687302,116701300, NA,4.53e-02,0.03
ASD,ENSG00000070413.19,DGCR2,22,19036282,19122454, NA,1.97e-02,0.02
ASD,ENSG00000115459.17,ELMOD3,2,85354621,85391752, NA,3.08e-02,0.02
ASD,ENSG00000136238.17,RAC1,7,6374523,6403977, NA,1.54e-02,0.02
ASD,ENSG00000148773.13,MKI67,10,128096659,128126385, NA,3.30e-02,0.02
ASD,ENSG00000152601.17,MBNL1,3,152243828,152465780,4.73e-02, NA,0.02
ASD,ENSG00000070444.14,MNT,17,2384060,2401118,3.67e-02,1.25e-02,0.01
ASD,ENSG00000073614.12,KDM5A,12,280129,389272,2.76e-02, NA,0.01
ASD,ENSG00000076641.4,PAG1,8,80967810,81112068, NA,3.26e-02,0.01
ASD,ENSG00000088930.7,XRN2,20,21326279,21389827, NA,3.26e-02,0.01
ASD,ENSG00000099901.16,RANBP1,22,20115938,20127357,4.57e-02, NA,0.01
ASD,ENSG00000100300.17,TSPO,22,43151514,43163242, NA,1.30e-02,0.01
ASD,ENSG00000100453.12,GZMB,14,24630954,24634267, NA,2.39e-02,0.01
ASD,ENSG00000104884.14,ERCC2,19,45349837,45370918,4.33e-02,3.54e-02,0.01
ASD,ENSG00000106305.9,AIMP2,7,6009245,6018045,1.30e-03,1.17e-03,0.01
ASD,ENSG00000109861.15,CTSC,11,88293592,88337787, NA,1.31e-02,0.01
ASD,ENSG00000114026.21,OGG1,3,9749944,9788219,3.81e-02,4.07e-02,0.01
ASD,ENSG00000116288.12,PARK7,1,7954291,7985505,3.67e-02,3.08e-02,0.01
ASD,ENSG00000125637.15,PSD4,2,113157325,113209396, NA,3.40e-02,0.01
ASD,ENSG00000129911.8,KLF16,19,1852451,1863568, NA,2.15e-02,0.01
ASD,ENSG00000134982.16,APC,5,112707498,112846239,2.55e-02, NA,0.01
ASD,ENSG00000136689.18,IL1RN,2,113107214,113134016,4.74e-02, NA,0.01
ASD,ENSG00000136869.13,TLR4,9,117704332,117716871,2.52e-02, NA,0.01
ASD,ENSG00000137845.14,ADAM10,15,58588807,58749978,1.46e-02, NA,0.01
ASD,ENSG00000142599.17,RERE,1,8352397,8817643, NA,1.59e-02,0.01
ASD,ENSG00000155636.14,RBM45,2,178112455,178139011, NA,4.63e-02,0.01
ASD,ENSG00000161217.11,PCYT1A,3,196214222,196287957,1.09e-02, NA,0.01
ASD,ENSG00000163586.9,FABP1,2,88122982,88128116,3.55e-02, NA,0.01
ASD,ENSG00000167114.12,SLC27A4,9,128340646,128361470,2.45e-02,2.81e-02,0.01
ASD,ENSG00000179456.10,ZBTB18,1,244048939,244057476, NA,4.45e-02,0.01
ASD,ENSG00000198026.7,ZNF335,20,45948653,45972172,2.47e-02,1.90e-02,0.01
ASD,ENSG00000245532.7,NEAT1,11,65422774,65445540,2.66e-02,3.26e-02,0.01
ASD,ENSG00000001036.13,FUCA2,6,143494811,143511690,4.04e-02, NA,NA
ASD,ENSG00000002330.13,BAD,11,64269830,64284669,4.93e-02, NA,NA
ASD,ENSG00000004455.16,AK2,1,33007940,33080996,4.31e-02,3.83e-02,NA
ASD,ENSG00000004660.14,CAMKK1,17,3860315,3893044,3.06e-02,3.75e-02,NA
ASD,ENSG00000004766.15,VPS50,7,93232340,93361121,1.33e-02,1.31e-02,NA
ASD,ENSG00000004779.9,NDUFAB1,16,23581002,23596356,1.79e-02,1.64e-02,NA
ASD,ENSG00000004975.11,DVL2,17,7225341,7234545,4.99e-02,4.77e-02,NA
ASD,ENSG00000005059.15,MCUB,4,109560205,109688621,2.14e-02,1.52e-02,NA
ASD,ENSG00000005175.9,RPAP3,12,47661249,47706061, NA,4.96e-02,NA
ASD,ENSG00000006576.16,PHTF2,7,77798792,77957503,3.20e-02,2.78e-02,NA
ASD,ENSG00000006652.13,IFRD1,7,112422968,112480990,3.70e-02,3.02e-02,NA
ASD,ENSG00000007237.18,GAS7,17,9910609,10198551, NA,4.59e-02,NA
ASD,ENSG00000007376.7,RPUSD1,16,784974,787981,9.45e-03,1.30e-02,NA
ASD,ENSG00000007520.3,TSR3,16,1349442,1351911,2.90e-02,3.25e-02,NA
ASD,ENSG00000008283.15,CYB561,17,63432304,63446378,3.95e-02, NA,NA
ASD,ENSG00000010165.19,METTL13,1,171781664,171814023,4.72e-02,4.14e-02,NA
ASD,ENSG00000011132.11,APBA3,19,3750880,3761699,1.38e-02,1.31e-02,NA
ASD,ENSG00000011275.18,RNF216,7,5620047,5781739,2.27e-02,3.14e-02,NA
ASD,ENSG00000012822.15,CALCOCO1,12,53708517,53727745,3.77e-02, NA,NA
ASD,ENSG00000013364.18,MVP,16,29820394,29848039, NA,3.24e-02,NA
ASD,ENSG00000013375.15,PGM3,6,83161150,83193936,4.59e-02, NA,NA
ASD,ENSG00000013503.9,POLR3B,12,106357658,106510198,2.95e-02,4.22e-02,NA
ASD,ENSG00000015475.18,BID,22,17734138,17774770, NA,3.26e-02,NA
ASD,ENSG00000020129.15,NCDN,1,35557473,35567274,3.56e-02,3.30e-02,NA
ASD,ENSG00000021762.19,OSBPL5,11,3087116,3165770,2.61e-02,3.30e-02,NA
ASD,ENSG00000022976.15,ZNF839,14,102317377,102339229, NA,3.08e-02,NA
ASD,ENSG00000023287.12,RB1CC1,8,52622456,52745843,2.14e-02, NA,NA
ASD,ENSG00000023892.10,DEF6,6,35297852,35321771,4.92e-02, NA,NA
ASD,ENSG00000028528.14,SNX1,15,64094123,64146090,2.47e-02, NA,NA
ASD,ENSG00000033011.11,ALG1,16,5071819,5087379,2.59e-02,1.57e-02,NA
ASD,ENSG00000033050.7,ABCF2,7,151207837,151227230,3.70e-02, NA,NA
ASD,ENSG00000034693.14,PEX3,6,143450807,143490010,3.66e-02,3.34e-02,NA
ASD,ENSG00000035403.17,VCL,10,73995193,74120254, NA,1.80e-02,NA
ASD,ENSG00000035862.12,TIMP2,17,78852977,78925387,1.85e-02, NA,NA
ASD,ENSG00000041802.10,LSG1,3,194640788,194672477,2.57e-02, NA,NA
ASD,ENSG00000041988.15,THAP3,1,6624866,6634167,2.90e-02,3.59e-02,NA
ASD,ENSG00000042429.11,MED17,11,93784227,93814963,3.76e-02,1.18e-02,NA
ASD,ENSG00000042445.13,RETSAT,2,85342088,85354393, NA,1.91e-02,NA
ASD,ENSG00000047315.15,POLR2B,4,56978824,57030399, NA,1.35e-02,NA
ASD,ENSG00000049860.13,HEXB,5,74640023,74722647, NA,4.14e-02,NA
ASD,ENSG00000053918.15,KCNQ1,11,2444684,2849109, NA,4.89e-02,NA
ASD,ENSG00000054116.11,TRAPPC3,1,36136570,36155964, NA,2.47e-02,NA
ASD,ENSG00000054118.13,THRAP3,1,36224416,36305357, NA,1.55e-02,NA
ASD,ENSG00000054611.13,TBC1D22A,22,46762617,47175699,3.28e-02,3.03e-02,NA
ASD,ENSG00000056050.6,HPF1,4,169729465,169757953, NA,3.46e-02,NA
ASD,ENSG00000056586.15,RC3H2,9,122844556,122905341, NA,4.22e-02,NA
ASD,ENSG00000058272.16,PPP1R12A,12,79773563,79934900,2.19e-02, NA,NA
ASD,ENSG00000058799.14,YIPF1,1,53851719,53889834, NA,3.45e-02,NA
ASD,ENSG00000059377.16,TBXAS1,7,139777051,140020325,7.01e-03, NA,NA
ASD,ENSG00000062650.17,WAPL,10,86435256,86521815,3.67e-02, NA,NA
ASD,ENSG00000062725.9,APPBP2,17,60443149,60526219, NA,3.68e-02,NA
ASD,ENSG00000063244.12,U2AF2,19,55654146,55674648,2.99e-02,3.54e-02,NA
ASD,ENSG00000064225.12,ST3GAL6,3,98732236,98821201, NA,3.30e-02,NA
ASD,ENSG00000064961.18,HMG20B,19,3572777,3579088,2.90e-02,3.80e-02,NA
ASD,ENSG00000064995.16,TAF11,6,34877778,34888089, NA,9.14e-03,NA
ASD,ENSG00000065357.19,DGKA,12,55927614,55954027,3.70e-02,3.03e-02,NA
ASD,ENSG00000065615.13,CYB5R4,6,83859643,83967424, NA,1.09e-02,NA
ASD,ENSG00000066084.12,DIP2B,12,50505107,50748667,1.78e-02, NA,NA
ASD,ENSG00000066135.12,KDM4A,1,43650158,43705515,2.90e-02, NA,NA
ASD,ENSG00000066322.14,ELOVL1,1,43363397,43368074, NA,1.48e-02,NA
ASD,ENSG00000066427.21,ATXN3,14,92038652,92106621, NA,3.73e-02,NA
ASD,ENSG00000066455.12,GOLGA5,14,92794231,92839963, NA,4.63e-02,NA
ASD,ENSG00000068097.14,HEATR6,17,60043194,60078931,3.51e-02, NA,NA
ASD,ENSG00000068654.15,POLR1A,2,86020216,86106155,4.73e-02,3.36e-02,NA
ASD,ENSG00000068885.14,IFT80,3,160256986,160399273,4.57e-02,3.30e-02,NA
ASD,ENSG00000069345.11,DNAJA2,16,46955362,46973788, NA,2.44e-02,NA
ASD,ENSG00000070010.18,UFD1L,22,19450106,19479215, NA,1.55e-02,NA
ASD,ENSG00000070476.14,ZXDC,3,126437601,126475919,3.68e-02, NA,NA
ASD,ENSG00000070761.7,CFAP20,16,58113588,58129450,3.06e-02,2.38e-02,NA
ASD,ENSG00000071655.17,MBD3,19,1573596,1592801,3.23e-02,3.08e-02,NA
ASD,ENSG00000073584.18,SMARCE1,17,40624962,40648299,4.27e-02,3.08e-02,NA
ASD,ENSG00000074319.12,TSG101,11,18468336,18527232, NA,3.70e-02,NA
ASD,ENSG00000074582.12,BCS1L,2,218658898,218663443,1.59e-02, NA,NA
ASD,ENSG00000075142.13,SRI,7,88205118,88226993, NA,3.27e-02,NA
ASD,ENSG00000075188.8,NUP37,12,102073103,102120124,2.48e-02,3.26e-02,NA
ASD,ENSG00000075240.16,GRAMD4,22,46576012,46679790,2.12e-02,1.25e-02,NA
ASD,ENSG00000075539.13,FRYL,4,48497361,48780322,2.26e-02, NA,NA
ASD,ENSG00000076650.6,GPATCH1,19,33080880,33130542, NA,3.08e-02,NA
ASD,ENSG00000077454.15,LRCH4,7,100574011,100586153, NA,3.66e-02,NA
ASD,ENSG00000079246.15,XRCC5,2,216107464,216206303, NA,1.37e-02,NA
ASD,ENSG00000079974.17,RABL2B,22,50767501,50783663, NA,4.13e-02,NA
ASD,ENSG00000079999.13,KEAP1,19,10486120,10503741, NA,4.63e-02,NA
ASD,ENSG00000080189.14,SLC35C2,20,46345980,46364458,1.59e-02,1.59e-02,NA
ASD,ENSG00000083093.9,PALB2,16,23603160,23641310,3.76e-02,1.96e-02,NA
ASD,ENSG00000083099.10,LYRM2,6,89568144,89638753, NA,4.59e-02,NA
ASD,ENSG00000083814.13,ZNF671,19,57719751,57727624,3.40e-02, NA,NA
ASD,ENSG00000083817.8,ZNF416,19,57571566,57578098,1.67e-02,1.18e-02,NA
ASD,ENSG00000083844.10,ZNF264,19,57191500,57222846,4.31e-02, NA,NA
ASD,ENSG00000084092.6,NOA1,4,56963370,56978639,1.79e-02,2.77e-02,NA
ASD,ENSG00000085063.14,CD59,11,33702668,33736445, NA,3.78e-02,NA
ASD,ENSG00000086504.15,MRPL28,16,367384,370527,3.63e-02,4.22e-02,NA
ASD,ENSG00000086730.16,LAT2,7,74199652,74229834,3.23e-02, NA,NA
ASD,ENSG00000087157.18,PGS1,17,78378640,78425114,2.88e-02, NA,NA
ASD,ENSG00000087191.12,PSMC5,17,63827672,63832026,1.59e-02,1.79e-02,NA
ASD,ENSG00000087903.12,RFX2,19,5993164,6199572,2.74e-02, NA,NA
ASD,ENSG00000088038.17,CNOT3,19,54137728,54154455,2.26e-02, NA,NA
ASD,ENSG00000088970.15,KIZ,20,21125983,21246622,2.90e-02,3.63e-02,NA
ASD,ENSG00000089060.11,SLC8B1,12,113298759,113359493, NA,3.22e-02,NA
ASD,ENSG00000089486.16,CDIP1,16,4510675,4538828,2.90e-02, NA,NA
ASD,ENSG00000089505.17,CMTM1,16,66566393,66579137,4.31e-02, NA,NA
ASD,ENSG00000090520.11,DNAJB11,3,186567403,186585800,3.23e-02,3.01e-02,NA
ASD,ENSG00000090861.15,AARS,16,70252295,70289543,2.62e-02,2.54e-02,NA
ASD,ENSG00000090989.17,EXOC1,4,55853616,55905034, NA,1.79e-02,NA
ASD,ENSG00000091732.15,ZC3HC1,7,130018286,130051451,4.49e-02,4.03e-02,NA
ASD,ENSG00000092330.15,TINF2,14,24239643,24242674, NA,4.67e-02,NA
ASD,ENSG00000092847.11,AGO1,1,35869808,35930528, NA,2.15e-02,NA
ASD,ENSG00000094975.13,SUCO,1,172532349,172611833,3.57e-02,4.44e-02,NA
ASD,ENSG00000095066.11,HOOK2,19,12763003,12872740,3.43e-02, NA,NA
ASD,ENSG00000095370.19,SH2D3C,9,127738317,127778741, NA,4.29e-02,NA
ASD,ENSG00000095794.19,CREM,10,35126791,35212958,1.89e-02,1.31e-02,NA
ASD,ENSG00000096070.19,BRPF3,6,36196744,36232790, NA,4.86e-02,NA
ASD,ENSG00000099326.8,MZF1,19,58561932,58572577, NA,3.29e-02,NA
ASD,ENSG00000099800.7,TIMM13,19,2425624,2427637,2.36e-02,2.33e-02,NA
ASD,ENSG00000099817.11,POLR2E,19,1086629,1095380,2.90e-02,3.25e-02,NA
ASD,ENSG00000099821.13,POLRMT,19,617224,633604,1.65e-02,1.54e-02,NA
ASD,ENSG00000099991.17,CABIN1,22,24011192,24178628, NA,3.62e-02,NA
ASD,ENSG00000100028.11,SNRPD3,22,24555503,24583749,3.06e-02,3.34e-02,NA
ASD,ENSG00000100034.13,PPM1F,22,21919420,21940657,1.86e-02, NA,NA
ASD,ENSG00000100056.11,DGCR14,22,19130279,19144684,3.89e-02, NA,NA
ASD,ENSG00000100105.17,PATZ1,22,31325804,31346232,3.55e-02,3.80e-02,NA
ASD,ENSG00000100227.17,POLDIP3,22,42583721,42614962,1.37e-02,1.31e-02,NA
ASD,ENSG00000100263.13,RHBDD3,22,29259852,29267978,3.10e-02,2.54e-02,NA
ASD,ENSG00000100294.12,MCAT,22,43132206,43143394,9.45e-03,1.52e-02,NA
ASD,ENSG00000100296.13,THOC5,22,29505879,29554254, NA,3.30e-02,NA
ASD,ENSG00000100304.12,TTLL12,22,43166622,43187133,2.95e-02,4.63e-02,NA
ASD,ENSG00000100364.18,KIAA0930,22,45190338,45240769, NA,1.30e-02,NA
ASD,ENSG00000100372.14,SLC25A17,22,40769630,40819399,4.07e-02,3.83e-02,NA
ASD,ENSG00000100395.14,L3MBTL2,22,41205205,41231271,3.12e-02, NA,NA
ASD,ENSG00000100413.16,POLR3H,22,41525804,41544606,2.29e-02,2.88e-02,NA
ASD,ENSG00000100416.12,TRMU,22,46330875,46357340,1.59e-02,1.88e-02,NA
ASD,ENSG00000100418.7,DESI1,22,41598028,41621096,3.80e-02,4.53e-02,NA
ASD,ENSG00000100426.6,ZBED4,22,49853842,49890078,2.95e-02,2.95e-02,NA
ASD,ENSG00000100599.15,RIN3,14,92513774,92688994,2.95e-02, NA,NA
ASD,ENSG00000100605.16,ITPK1,14,92936914,93116320,3.69e-02,1.18e-02,NA
ASD,ENSG00000100711.13,ZFYVE21,14,103715730,103733668, NA,1.77e-02,NA
ASD,ENSG00000100764.13,PSMC1,14,90256495,90265166, NA,4.60e-02,NA
ASD,ENSG00000100804.18,PSMB5,14,23016543,23035230, NA,4.72e-02,NA
ASD,ENSG00000100811.12,YY1,14,100238298,100282792,1.69e-03,1.18e-02,NA
ASD,ENSG00000100815.12,TRIP11,14,91965991,92033253, NA,3.88e-02,NA
ASD,ENSG00000100865.14,CINP,14,102341102,102362916,3.68e-02,4.22e-02,NA
ASD,ENSG00000100890.15,KIAA0391,14,35121846,35277614, NA,4.79e-02,NA
ASD,ENSG00000100908.13,EMC9,14,24138968,24141588, NA,2.54e-02,NA
ASD,ENSG00000100926.14,TM9SF1,14,24189143,24195687, NA,3.14e-02,NA
ASD,ENSG00000100938.17,GMPR2,14,24232455,24239242,4.33e-02,1.45e-02,NA
ASD,ENSG00000100982.11,PCIF1,20,45934628,45948023,2.74e-02,1.99e-02,NA
ASD,ENSG00000100994.11,PYGB,20,25248069,25298014,2.46e-02,1.31e-02,NA
ASD,ENSG00000101343.14,CRNKL1,20,20034368,20056046, NA,1.63e-02,NA
ASD,ENSG00000101346.13,POFUT1,20,32207880,32238667, NA,4.89e-02,NA
ASD,ENSG00000101473.16,ACOT8,20,45843276,45857406, NA,2.52e-02,NA
ASD,ENSG00000102710.19,SUPT20H,13,37009614,37059713,3.88e-02, NA,NA
ASD,ENSG00000102871.15,TRADD,16,67154180,67160298,2.46e-02,2.54e-02,NA
ASD,ENSG00000102879.15,CORO1A,16,30182827,30189076, NA,4.96e-02,NA
ASD,ENSG00000102898.11,NUTF2,16,67846732,67872567,2.90e-02,2.50e-02,NA
ASD,ENSG00000102977.13,ACD,16,67657570,67660815,4.40e-02,3.70e-02,NA
ASD,ENSG00000103005.11,USB1,16,58001373,58021618,2.90e-02, NA,NA
ASD,ENSG00000103042.8,SLC38A7,16,58665109,58685104,2.96e-02,2.99e-02,NA
ASD,ENSG00000103043.14,VAC14,16,70687439,70801161,3.64e-02,4.79e-02,NA
ASD,ENSG00000103047.7,TANGO6,16,68843606,69085180, NA,4.11e-02,NA
ASD,ENSG00000103066.12,PLA2G15,16,68245304,68261062,2.59e-02,3.11e-02,NA
ASD,ENSG00000103152.11,MPG,16,77007,83256,9.45e-03,1.25e-02,NA
ASD,ENSG00000103196.11,CRISPLD2,16,84819984,84920768,3.47e-02, NA,NA
ASD,ENSG00000103245.13,NARFL,16,729753,741329,1.12e-02,1.81e-02,NA
ASD,ENSG00000103253.17,HAGHL,16,726936,735525,1.97e-02, NA,NA
ASD,ENSG00000103266.10,STUB1,16,680224,681603,1.69e-03,2.27e-03,NA
ASD,ENSG00000103353.15,UBFD1,16,23557732,23574389,2.48e-02,1.59e-02,NA
ASD,ENSG00000103356.15,EARS2,16,23522014,23557361,1.74e-02,1.30e-02,NA
ASD,ENSG00000103472.9,RRN3P2,16,29074976,29116718,2.05e-02,2.02e-02,NA
ASD,ENSG00000103502.13,CDIPT,16,29858357,29863736, NA,1.56e-02,NA
ASD,ENSG00000103544.14,C16orf62,16,19555240,19701163, NA,4.53e-02,NA
ASD,ENSG00000103569.9,AQP9,15,58138169,58185911,3.44e-02, NA,NA
ASD,ENSG00000103642.11,LACTB,15,63121800,63142061, NA,3.31e-02,NA
ASD,ENSG00000104221.12,BRF2,8,37844897,37849904, NA,3.82e-02,NA
ASD,ENSG00000104691.14,UBXN8,8,30732247,30767006,3.77e-02, NA,NA
ASD,ENSG00000104695.12,PPP2CB,8,30774457,30814314, NA,3.53e-02,NA
ASD,ENSG00000104774.12,MAN2B1,19,12646513,12666742,4.78e-02,4.77e-02,NA
ASD,ENSG00000104853.15,CLPTM1,19,44954591,44993341,4.72e-02, NA,NA
ASD,ENSG00000104866.10,PPP1R37,19,45091792,45147285, NA,4.72e-02,NA
ASD,ENSG00000104886.11,PLEKHJ1,19,2233149,2237704,2.14e-02,2.44e-02,NA
ASD,ENSG00000104969.9,SGTA,19,2754714,2783371,4.89e-02, NA,NA
ASD,ENSG00000104998.3,IL27RA,19,14031748,14053216, NA,4.97e-02,NA
ASD,ENSG00000105063.18,PPP6R1,19,55229780,55258995,2.90e-02,2.15e-02,NA
ASD,ENSG00000105136.20,ZNF419,19,57487711,57496097,3.50e-02, NA,NA
ASD,ENSG00000105171.9,POP4,19,29604017,29617237,2.75e-02,2.54e-02,NA
ASD,ENSG00000105176.17,URI1,19,29923644,30016608,3.11e-02,2.45e-02,NA
ASD,ENSG00000105229.6,PIAS4,19,4007646,4039386,4.10e-02,4.25e-02,NA
ASD,ENSG00000105248.15,CCDC94,19,4248015,4269090,3.23e-02, NA,NA
ASD,ENSG00000105298.13,CACTIN,19,3610641,3626815,3.63e-02,2.37e-02,NA
ASD,ENSG00000105447.12,GRWD1,19,48445773,48457022, NA,4.77e-02,NA
ASD,ENSG00000105501.12,SIGLEC5,19,51611927,51645545, NA,1.79e-02,NA
ASD,ENSG00000105514.7,RAB3D,19,11322046,11339668, NA,3.11e-02,NA
ASD,ENSG00000105519.15,CAPS,19,5911769,5915877, NA,4.89e-02,NA
ASD,ENSG00000105552.14,BCAT2,19,48795062,48811029,4.57e-02,3.30e-02,NA
ASD,ENSG00000105556.11,MIER2,19,301444,344815,1.32e-02,2.54e-02,NA
ASD,ENSG00000105583.9,WDR83OS,19,12668071,12671356,3.76e-02, NA,NA
ASD,ENSG00000105617.3,LENG1,19,54155161,54159882,7.93e-03,1.31e-02,NA
ASD,ENSG00000105618.13,PRPF31,19,54115676,54131719,7.96e-03,7.92e-03,NA
ASD,ENSG00000105619.13,TFPT,19,54108026,54115409,1.14e-02,1.29e-02,NA
ASD,ENSG00000105829.11,BET1,7,93962762,94004382,9.45e-03,1.13e-02,NA
ASD,ENSG00000105963.13,ADAP1,7,897901,955407, NA,1.80e-02,NA
ASD,ENSG00000106346.11,USP42,7,6104884,6161564,1.46e-02,1.38e-02,NA
ASD,ENSG00000106367.13,AP1S1,7,101154397,101161596,6.00e-03,2.53e-02,NA
ASD,ENSG00000106404.13,CLDN15,7,101232092,101238820,1.92e-03,1.79e-02,NA
ASD,ENSG00000106443.15,PHF14,7,10973872,11169630,4.21e-02,3.70e-02,NA
ASD,ENSG00000106636.7,YKT6,7,44200968,44214294, NA,2.20e-02,NA
ASD,ENSG00000106785.14,TRIM14,9,98069275,98119212,3.57e-02,2.64e-02,NA
ASD,ENSG00000107021.15,TBC1D13,9,128787204,128810432,4.34e-02,4.80e-02,NA
ASD,ENSG00000107625.12,DDX50,10,68901278,68946847, NA,4.79e-02,NA
ASD,ENSG00000107738.19,VSIR,10,71747559,71773498,3.46e-02, NA,NA
ASD,ENSG00000107745.17,MICU1,10,72367327,72626191,3.71e-02,3.54e-02,NA
ASD,ENSG00000107959.15,PITRM1,10,3137728,3172841,2.33e-02,3.08e-02,NA
ASD,ENSG00000108107.14,RPL28,19,55385345,55403250,3.12e-02,3.11e-02,NA
ASD,ENSG00000108395.13,TRIM37,17,58998200,59106597,2.90e-02, NA,NA
ASD,ENSG00000108423.14,TUBD1,17,59859482,59892945, NA,1.00e-02,NA
ASD,ENSG00000108469.14,RECQL5,17,75626845,75667115,3.12e-02,2.07e-02,NA
ASD,ENSG00000108592.16,FTSJ3,17,63819433,63830012,1.33e-02,1.35e-02,NA
ASD,ENSG00000108604.15,SMARCD2,17,63832081,63843065,3.12e-02,1.85e-02,NA
ASD,ENSG00000108651.9,UTP6,17,31860899,31901765,1.59e-02,1.14e-02,NA
ASD,ENSG00000108666.9,C17orf75,17,32324662,32350023,1.59e-02,2.20e-02,NA
ASD,ENSG00000108669.16,CYTH1,17,78674048,78782297,1.90e-02, NA,NA
ASD,ENSG00000108826.15,MRPL27,17,50367857,50373214,1.32e-02,1.38e-02,NA
ASD,ENSG00000109016.17,DHRS7B,17,21123364,21193265, NA,2.57e-02,NA
ASD,ENSG00000109171.14,SLAIN2,4,48341322,48426212,4.84e-02, NA,NA
ASD,ENSG00000109466.13,KLHL2,4,165207618,165323156,1.69e-03, NA,NA
ASD,ENSG00000109534.16,GAR1,4,109815510,109824740,8.05e-03,1.18e-02,NA
ASD,ENSG00000109572.13,CLCN3,4,169612633,169723673, NA,2.54e-02,NA
ASD,ENSG00000110074.10,FOXRED1,11,126269145,126278131,4.92e-02, NA,NA
ASD,ENSG00000110200.8,ANAPC15,11,72106378,72112780,1.59e-02, NA,NA
ASD,ENSG00000110422.11,HIPK3,11,33256672,33357023, NA,3.51e-02,NA
ASD,ENSG00000110934.10,BIN2,12,51281038,51324668,4.08e-02, NA,NA
ASD,ENSG00000110955.8,ATP5B,12,56638175,56646068,3.78e-02,4.79e-02,NA
ASD,ENSG00000111261.13,MANSC1,12,12326056,12350541,3.06e-02, NA,NA
ASD,ENSG00000111358.13,GTF2H3,12,123633767,123662606, NA,4.91e-02,NA
ASD,ENSG00000111361.12,EIF2B1,12,123620942,123633738,2.95e-02,2.94e-02,NA
ASD,ENSG00000111412.5,C12orf49,12,116710185,116738070,1.31e-02,1.07e-02,NA
ASD,ENSG00000111481.9,COPZ1,12,54301202,54351849,4.60e-02,4.84e-02,NA
ASD,ENSG00000111540.15,RAB5B,12,55973913,55996683, NA,3.90e-02,NA
ASD,ENSG00000111845.4,PAK1IP1,6,10694695,10709782,4.96e-02,3.03e-02,NA
ASD,ENSG00000111880.15,RNGTT,6,88610272,88963721,4.72e-02,2.73e-02,NA
ASD,ENSG00000112079.8,STK38,6,36493892,36547470, NA,4.58e-02,NA
ASD,ENSG00000112297.14,AIM1,6,106360808,106571970,3.10e-02, NA,NA
ASD,ENSG00000112739.16,PRPF4B,6,4021267,4064983, NA,4.89e-02,NA
ASD,ENSG00000113269.13,RNF130,5,179911651,180072118, NA,2.32e-02,NA
ASD,ENSG00000113300.11,CNOT6,5,180494412,180578405, NA,2.20e-02,NA
ASD,ENSG00000113312.10,TTC1,5,160009113,160065543, NA,3.11e-02,NA
ASD,ENSG00000113522.13,RAD50,5,132556019,132646344, NA,4.89e-02,NA
ASD,ENSG00000113643.8,RARS,5,168486445,168519299,2.99e-02,3.08e-02,NA
ASD,ENSG00000114331.13,ACAP2,3,195274736,195443078,1.59e-02, NA,NA
ASD,ENSG00000114503.10,NCBP2,3,196935402,196942597,1.59e-02,1.31e-02,NA
ASD,ENSG00000114686.8,MRPL3,3,131462212,131502983,3.75e-02,3.03e-02,NA
ASD,ENSG00000114796.15,KLHL24,3,183635568,183684477,3.63e-02, NA,NA
ASD,ENSG00000114978.17,MOB1A,2,74152528,74178898, NA,3.29e-02,NA
ASD,ENSG00000115271.10,GCA,2,162318840,162371406,2.90e-02, NA,NA
ASD,ENSG00000115364.13,MRPL19,2,75646783,75690851,4.91e-02,4.79e-02,NA
ASD,ENSG00000115561.15,CHMP3,2,86503431,86563479, NA,6.12e-03,NA
ASD,ENSG00000115568.15,ZNF142,2,218637916,218659655,4.72e-02,4.72e-02,NA
ASD,ENSG00000115685.14,PPP1R7,2,241149576,241183652,1.67e-02,1.54e-02,NA
ASD,ENSG00000115998.7,C2orf42,2,70149880,70191071,2.36e-02,2.17e-02,NA
ASD,ENSG00000116005.11,PCYOX1,2,70257386,70281191,4.10e-02,4.96e-02,NA
ASD,ENSG00000116017.10,ARID3A,19,925781,975934, NA,3.10e-02,NA
ASD,ENSG00000116171.17,SCP2,1,52927229,53051703, NA,3.23e-02,NA
ASD,ENSG00000116205.12,TCEANC2,1,54053587,54112519, NA,7.92e-03,NA
ASD,ENSG00000116209.11,TMEM59,1,54026681,54053504, NA,4.22e-02,NA
ASD,ENSG00000116649.9,SRM,1,11054589,11060024, NA,4.83e-02,NA
ASD,ENSG00000116819.6,TFAP2E,1,35573370,35595328,2.59e-02,3.03e-02,NA
ASD,ENSG00000116824.4,CD2,1,116754385,116769228,3.06e-02,1.81e-02,NA
ASD,ENSG00000116863.10,ADPRHL2,1,36088875,36093932,1.75e-02,1.38e-02,NA
ASD,ENSG00000116871.15,MAP7D1,1,36155579,36180849,2.59e-02,1.31e-02,NA
ASD,ENSG00000116898.11,MRPS15,1,36455718,36464437,1.79e-02,1.79e-02,NA
ASD,ENSG00000117000.8,RLF,1,40161373,40240921,3.89e-02,3.66e-02,NA
ASD,ENSG00000117115.12,PADI2,1,17066761,17119435,2.46e-02, NA,NA
ASD,ENSG00000117395.12,EBNA1BP2,1,43164175,43270936,2.72e-02,2.73e-02,NA
ASD,ENSG00000117560.7,FASLG,1,172659018,172666874, NA,2.99e-02,NA
ASD,ENSG00000117597.17,DIEXF,1,209828007,209857565,2.14e-02,2.54e-02,NA
ASD,ENSG00000117643.14,MAN1C1,1,25617468,25786207,4.87e-02,3.03e-02,NA
ASD,ENSG00000118242.15,MREG,2,215942805,216034096, NA,1.37e-02,NA
ASD,ENSG00000118579.12,MED28,4,17614631,17634105, NA,3.08e-02,NA
ASD,ENSG00000118640.10,VAMP8,2,85561562,85582031,3.77e-02, NA,NA
ASD,ENSG00000118894.14,EEF2KMT,16,5084304,5097808,3.20e-02,4.91e-02,NA
ASD,ENSG00000118900.14,UBN1,16,4846665,4882360,2.96e-02, NA,NA
ASD,ENSG00000119041.10,GTF3C3,2,196763032,196799725,4.72e-02,4.05e-02,NA
ASD,ENSG00000119242.8,CCDC92,12,123918660,123972831, NA,2.36e-02,NA
ASD,ENSG00000119321.8,FKBP15,9,113161006,113221361, NA,4.59e-02,NA
ASD,ENSG00000119392.14,GLE1,9,128504700,128542288, NA,1.61e-02,NA
ASD,ENSG00000119396.10,RAB14,9,121178137,121223014, NA,3.19e-02,NA
ASD,ENSG00000119397.16,CNTRL,9,121074863,121177610, NA,4.11e-02,NA
ASD,ENSG00000119421.6,NDUFA8,9,122144058,122159819,3.23e-02,2.70e-02,NA
ASD,ENSG00000119487.16,MAPKAP1,9,125437393,125707234,2.47e-02,2.77e-02,NA
ASD,ENSG00000119535.17,CSF3R,1,36466043,36483278, NA,2.36e-02,NA
ASD,ENSG00000119537.15,KDSR,18,63327726,63367327,1.40e-02,1.18e-02,NA
ASD,ENSG00000119616.11,FCF1,14,74713144,74738620, NA,1.97e-02,NA
ASD,ENSG00000119685.19,TTLL5,14,75633625,75955078, NA,3.66e-02,NA
ASD,ENSG00000119720.17,NRDE2,14,90267856,90332137, NA,3.78e-02,NA
ASD,ENSG00000119965.12,C10orf88,10,122930903,122954380,4.58e-02,4.49e-02,NA
ASD,ENSG00000120159.11,CAAP1,9,26840685,26892804,2.61e-02,2.28e-02,NA
ASD,ENSG00000120616.15,EPC1,10,32267751,32378798, NA,7.92e-03,NA
ASD,ENSG00000120697.8,ALG5,13,36949775,37000261,4.02e-02,1.31e-02,NA
ASD,ENSG00000120942.13,UBIAD1,1,11273206,11296049, NA,3.63e-02,NA
ASD,ENSG00000121022.13,COPS5,8,67043079,67083783, NA,1.31e-02,NA
ASD,ENSG00000121057.12,AKAP1,17,57085092,57121349,3.07e-02,4.60e-02,NA
ASD,ENSG00000121058.4,COIL,17,56938187,56961054,1.59e-02,1.35e-02,NA
ASD,ENSG00000121060.16,TRIM25,17,56887909,56914038, NA,3.46e-02,NA
ASD,ENSG00000121067.17,SPOP,17,49598884,49678234, NA,3.70e-02,NA
ASD,ENSG00000121289.17,CEP89,19,32875925,32971991,2.75e-02,1.59e-02,NA
ASD,ENSG00000121851.12,POLR3GL,1,145964703,145978848, NA,2.94e-02,NA
ASD,ENSG00000122042.9,UBL3,13,29764371,29850684,3.23e-02, NA,NA
ASD,ENSG00000122085.16,MTERF4,2,241072169,241102332,4.72e-02, NA,NA
ASD,ENSG00000122512.14,PMS2,7,5973239,6009125,1.69e-03,1.18e-02,NA
ASD,ENSG00000122783.16,C7orf49,7,135092363,135170795, NA,3.03e-02,NA
ASD,ENSG00000122912.14,SLC25A16,10,68477999,68527474,3.89e-02,4.05e-02,NA
ASD,ENSG00000123154.11,WDR83,19,12666800,12675716,1.46e-02,1.56e-02,NA
ASD,ENSG00000123200.16,ZC3H13,13,45954465,46052759, NA,3.30e-02,NA
ASD,ENSG00000123297.17,TSFM,12,57782589,57808071,1.00e-02,1.25e-02,NA
ASD,ENSG00000123353.9,ORMDL2,12,55817919,55820959, NA,2.70e-02,NA
ASD,ENSG00000123405.13,NFE2,12,54292111,54301121, NA,4.50e-02,NA
ASD,ENSG00000123415.15,SMUG1,12,54129518,54189008, NA,4.06e-02,NA
ASD,ENSG00000124104.18,SNX21,20,45833810,45842746,3.48e-02,3.81e-02,NA
ASD,ENSG00000124160.11,NCOA5,20,46060985,46089952,1.12e-02,9.66e-03,NA
ASD,ENSG00000124243.17,BCAS4,20,50794894,50882676,3.06e-02,2.27e-02,NA
ASD,ENSG00000124299.13,PEPD,19,33386950,33521794,1.67e-02,2.69e-02,NA
ASD,ENSG00000124356.15,STAMBP,2,73828916,73873659, NA,3.48e-02,NA
ASD,ENSG00000124562.9,SNRPC,6,34757406,34773794,1.09e-02,1.50e-02,NA
ASD,ENSG00000124659.6,TBCC,6,42744481,42746096, NA,3.10e-02,NA
ASD,ENSG00000124688.13,MAD2L1BP,6,43629540,43640952, NA,3.61e-02,NA
ASD,ENSG00000124702.17,KLHDC3,6,43014103,43021298,2.90e-02,2.99e-02,NA
ASD,ENSG00000124733.3,MEA1,6,43012343,43013968,3.68e-02,3.08e-02,NA
ASD,ENSG00000125304.8,TM9SF2,13,99501417,99564006,3.51e-02, NA,NA
ASD,ENSG00000125449.6,ARMC7,17,75109952,75130224, NA,1.38e-02,NA
ASD,ENSG00000125503.12,PPP1R12C,19,55090913,55117559,1.67e-02,2.13e-02,NA
ASD,ENSG00000125703.14,ATG4C,1,62784135,62865513, NA,3.10e-02,NA
ASD,ENSG00000125735.10,TNFSF14,19,6661253,6670588,3.64e-02,3.74e-02,NA
ASD,ENSG00000125810.9,CD93,20,23079349,23086340,3.05e-02, NA,NA
ASD,ENSG00000125814.17,NAPB,20,23374519,23421519, NA,3.25e-02,NA
ASD,ENSG00000125901.5,MRPS26,20,3045945,3048254, NA,4.72e-02,NA
ASD,ENSG00000125910.5,S1PR4,19,3172346,3180332,1.12e-02,1.96e-02,NA
ASD,ENSG00000125912.10,NCLN,19,3185563,3209575, NA,3.18e-02,NA
ASD,ENSG00000126003.6,PLAGL2,20,32192503,32207791, NA,3.22e-02,NA
ASD,ENSG00000126070.19,AGO3,1,35930718,36072500, NA,1.48e-02,NA
ASD,ENSG00000126351.12,THRA,17,40058290,40093867,3.89e-02,1.97e-02,NA
ASD,ENSG00000126787.12,DLGAP5,14,55148112,55191678, NA,4.42e-02,NA
ASD,ENSG00000126858.16,RHOT1,17,32142714,32253374,3.84e-02, NA,NA
ASD,ENSG00000126861.4,OMG,17,31272013,31297411,3.95e-02,1.58e-02,NA
ASD,ENSG00000126882.12,FAM78A,9,131258076,131276547,1.67e-02,1.47e-02,NA
ASD,ENSG00000126883.16,NUP214,9,131125561,131234670,3.21e-02,3.30e-02,NA
ASD,ENSG00000126934.13,MAP2K2,19,4090321,4124129,2.95e-02,2.05e-02,NA
ASD,ENSG00000127125.8,PPCS,1,42456268,42460414, NA,1.00e-02,NA
ASD,ENSG00000127220.5,ABHD8,19,17292131,17310236, NA,4.44e-02,NA
ASD,ENSG00000127580.15,WDR24,16,684622,690444,8.71e-03,1.25e-02,NA
ASD,ENSG00000127870.16,RNF6,13,26132115,26222190,2.74e-02, NA,NA
ASD,ENSG00000127947.15,PTPN12,7,77537275,77640071, NA,2.31e-02,NA
ASD,ENSG00000127993.15,RBM48,7,92528773,92538005, NA,2.97e-02,NA
ASD,ENSG00000128524.4,ATP6V1F,7,128862826,128865844,3.89e-02,3.70e-02,NA
ASD,ENSG00000128923.10,MINDY2,15,58771192,58861900,3.23e-02, NA,NA
ASD,ENSG00000129460.15,NGDN,14,23469688,23509862,3.67e-02,3.26e-02,NA
ASD,ENSG00000129465.15,RIPK3,14,24336021,24340045, NA,3.14e-02,NA
ASD,ENSG00000129467.13,ADCY4,14,24318349,24335071, NA,3.71e-02,NA
ASD,ENSG00000129473.9,BCL2L2,14,23298918,23311759,7.83e-03,1.31e-02,NA
ASD,ENSG00000129480.12,DTD2,14,31446036,31457510,2.90e-02,1.35e-02,NA
ASD,ENSG00000130204.12,TOMM40,19,44890569,44903689, NA,3.08e-02,NA
ASD,ENSG00000130305.16,NSUN5,7,73302517,73308867,3.50e-02,4.89e-02,NA
ASD,ENSG00000130313.6,PGLS,19,17511890,17521288, NA,1.96e-02,NA
ASD,ENSG00000130382.8,MLLT1,19,6210379,6279948,3.72e-02, NA,NA
ASD,ENSG00000130713.15,EXOSC2,9,130693721,130704894,4.89e-02,4.45e-02,NA
ASD,ENSG00000130714.15,POMT1,9,131502902,131523800, NA,4.23e-02,NA
ASD,ENSG00000130717.12,UCK1,9,131523807,131531268,2.95e-02,2.22e-02,NA
ASD,ENSG00000130723.18,PRRC2B,9,131394093,131500197, NA,2.75e-02,NA
ASD,ENSG00000130731.15,METTL26,16,634427,636366,3.91e-02, NA,NA
ASD,ENSG00000130935.9,NOL11,17,67717833,67744531,4.60e-02,3.42e-02,NA
ASD,ENSG00000130939.18,UBE4B,1,10032832,10181239, NA,4.05e-02,NA
ASD,ENSG00000131242.17,RAB11FIP4,17,31391624,31538217,3.91e-02, NA,NA
ASD,ENSG00000131351.14,HAUS8,19,17049729,17075625, NA,3.35e-02,NA
ASD,ENSG00000131389.16,SLC6A6,3,14402576,14489110,2.51e-02, NA,NA
ASD,ENSG00000131469.12,RPL27,17,42998273,43002959, NA,4.77e-02,NA
ASD,ENSG00000131943.17,C19orf12,19,29698886,29715789,1.67e-02,1.27e-02,NA
ASD,ENSG00000132300.18,PTCD3,2,86106182,86142157,3.51e-02,2.47e-02,NA
ASD,ENSG00000132313.14,MRPL35,2,86199355,86213794,9.45e-03,1.00e-02,NA
ASD,ENSG00000132341.11,RAN,12,130871879,130877678,2.57e-02,2.39e-02,NA
ASD,ENSG00000132612.15,VPS4A,16,69311356,69326939,3.00e-02,3.24e-02,NA
ASD,ENSG00000132801.6,ZSWIM3,20,45857617,45879122, NA,3.03e-02,NA
ASD,ENSG00000132825.6,PPP1R3D,20,59936668,59940297,1.89e-02, NA,NA
ASD,ENSG00000132965.9,ALOX5AP,13,30713478,30764426,1.85e-02, NA,NA
ASD,ENSG00000133247.13,KMT5C,19,55339853,55348120,4.04e-02,3.80e-02,NA
ASD,ENSG00000133265.10,HSPBP1,19,55262231,55280381,1.59e-02,3.23e-02,NA
ASD,ENSG00000134086.7,VHL,3,10141008,10152220, NA,3.08e-02,NA
ASD,ENSG00000134698.10,AGO4,1,35808172,35857890, NA,4.71e-02,NA
ASD,ENSG00000135040.15,NAA35,9,85941146,86022298,2.57e-02,1.55e-02,NA
ASD,ENSG00000135046.13,ANXA1,9,73151757,73170393, NA,2.45e-02,NA
ASD,ENSG00000135108.14,FBXO21,12,117142092,117190531,4.58e-02,3.75e-02,NA
ASD,ENSG00000135148.11,TRAFD1,12,112125501,112153609,9.47e-03, NA,NA
ASD,ENSG00000135315.11,CEP162,6,84124241,84227635, NA,4.00e-03,NA
ASD,ENSG00000135392.15,DNAJC14,12,55821880,55829607, NA,2.01e-02,NA
ASD,ENSG00000135441.7,BLOC1S1,12,55716044,55720087, NA,1.54e-02,NA
ASD,ENSG00000135452.9,TSPAN31,12,57739736,57750211,1.59e-02,1.31e-02,NA
ASD,ENSG00000135473.14,PAN2,12,56316337,56334053, NA,4.72e-02,NA
ASD,ENSG00000135482.6,ZC3H10,12,56118159,56127514, NA,1.10e-02,NA
ASD,ENSG00000135503.12,ACVR1B,12,51951667,51997078,2.05e-02, NA,NA
ASD,ENSG00000135506.15,OS9,12,57693955,57721557,4.38e-02, NA,NA
ASD,ENSG00000135521.8,LTV1,6,143843344,143863812,2.15e-02,1.55e-02,NA
ASD,ENSG00000135632.11,SMYD5,2,73214222,73227237,1.59e-02,1.56e-02,NA
ASD,ENSG00000135637.13,CCDC142,2,74473790,74483321,3.23e-02,2.50e-02,NA
ASD,ENSG00000135722.8,FBXL8,16,67161120,67164570,1.22e-02,1.18e-02,NA
ASD,ENSG00000135723.13,FHOD1,16,67229389,67247658,4.75e-02,3.11e-02,NA
ASD,ENSG00000135775.13,COG2,1,230642492,230693982,4.99e-02,4.51e-02,NA
ASD,ENSG00000135930.13,EIF4E2,2,232550593,232583644, NA,2.13e-02,NA
ASD,ENSG00000136045.11,PWP1,12,107685732,107713167,4.96e-02, NA,NA
ASD,ENSG00000136048.13,DRAM1,12,101877351,102012130,2.33e-02,3.70e-02,NA
ASD,ENSG00000136143.14,SUCLA2,13,47936491,48001354, NA,3.75e-02,NA
ASD,ENSG00000136159.3,NUDT15,13,48037567,48047222,4.45e-02,4.05e-02,NA
ASD,ENSG00000136240.9,KDELR2,7,6461081,6484242,2.90e-02, NA,NA
ASD,ENSG00000136247.14,ZDHHC4,7,6577434,6589374,6.33e-03, NA,NA
ASD,ENSG00000136450.12,SRSF1,17,58003360,58006527, NA,3.23e-02,NA
ASD,ENSG00000136463.7,TACO1,17,63600872,63608365,3.77e-02, NA,NA
ASD,ENSG00000136485.14,DCAF7,17,63550461,63594266, NA,4.60e-02,NA
ASD,ENSG00000136490.8,LIMD2,17,63696304,63700685,4.60e-02,4.49e-02,NA
ASD,ENSG00000136643.11,RPS6KC1,1,213051233,213274773, NA,2.54e-02,NA
ASD,ENSG00000136682.14,CBWD2,2,113437691,113496189,1.85e-02,2.12e-02,NA
ASD,ENSG00000136699.19,SMPD4,2,130151392,130182626, NA,2.47e-02,NA
ASD,ENSG00000136720.6,HS6ST1,2,128236716,128318577,4.89e-02,2.32e-02,NA
ASD,ENSG00000136925.14,TSTD2,9,97601749,97633575, NA,4.96e-02,NA
ASD,ENSG00000136932.13,TRMO,9,97904489,97922570, NA,4.05e-02,NA
ASD,ENSG00000136936.10,XPA,9,97674909,97697357,3.77e-02,3.29e-02,NA
ASD,ENSG00000136937.12,NCBP1,9,97633626,97673748,3.12e-02,2.81e-02,NA
ASD,ENSG00000136940.13,PDCL,9,122798389,122828631, NA,3.45e-02,NA
ASD,ENSG00000137168.7,PPIL1,6,36854827,36875024,1.79e-02,2.00e-02,NA
ASD,ENSG00000137171.14,KLC4,6,43040777,43075099,4.63e-02,4.83e-02,NA
ASD,ENSG00000137275.13,RIPK1,6,3063991,3115187, NA,3.70e-02,NA
ASD,ENSG00000137642.12,SORL1,11,121452203,121633693,3.71e-02, NA,NA
ASD,ENSG00000137767.13,SQRDL,15,45631148,45691294,1.12e-02,3.74e-02,NA
ASD,ENSG00000137776.16,SLTM,15,58879045,58933653,2.89e-02, NA,NA
ASD,ENSG00000138166.5,DUSP5,10,110497838,110511544,4.74e-02, NA,NA
ASD,ENSG00000138231.12,DBR1,3,138161012,138174949, NA,3.09e-02,NA
ASD,ENSG00000138442.9,WDR12,2,202874782,203014798,2.69e-02,1.90e-02,NA
ASD,ENSG00000138459.8,SLC35A5,3,112562047,112585577,3.77e-02, NA,NA
ASD,ENSG00000138678.10,GPAT3,4,83535914,83605875,1.32e-02, NA,NA
ASD,ENSG00000138767.12,CNOT6L,4,77713387,77819615, NA,3.70e-02,NA
ASD,ENSG00000138794.9,CASP6,4,109688727,109703583,7.88e-03,1.18e-02,NA
ASD,ENSG00000138867.16,GUCD1,22,24540423,24555316,1.23e-02, NA,NA
ASD,ENSG00000138964.16,PARVG,22,44172956,44208469,3.49e-02, NA,NA
ASD,ENSG00000139132.14,FGD4,12,32399529,32646050, NA,1.58e-02,NA
ASD,ENSG00000139343.10,SNRPF,12,95858928,95903828,3.38e-02,2.74e-02,NA
ASD,ENSG00000139496.15,NUP58,13,25301524,25349800,1.95e-02,1.66e-02,NA
ASD,ENSG00000139531.12,SUOX,12,55997180,56006641, NA,1.31e-02,NA
ASD,ENSG00000139546.10,TARBP2,12,53500937,53506431,2.47e-02,2.54e-02,NA
ASD,ENSG00000139574.8,NPFF,12,53506690,53507638, NA,2.04e-02,NA
ASD,ENSG00000139579.12,NABP2,12,56222015,56229854,1.95e-02,2.06e-02,NA
ASD,ENSG00000139613.11,SMARCC2,12,56163497,56189567,4.60e-02,3.29e-02,NA
ASD,ENSG00000139626.15,ITGB7,12,53195374,53207307, NA,4.23e-02,NA
ASD,ENSG00000139631.18,CSAD,12,53157663,53180909,1.60e-02, NA,NA
ASD,ENSG00000139637.13,C12orf10,12,53299686,53307177,3.69e-02, NA,NA
ASD,ENSG00000139641.12,ESYT1,12,56128056,56144671,2.66e-02,1.79e-02,NA
ASD,ENSG00000139644.12,TMBIM6,12,49707725,49764934,4.53e-02, NA,NA
ASD,ENSG00000139645.9,ANKRD52,12,56237847,56258391,4.10e-02,2.74e-02,NA
ASD,ENSG00000139651.10,ZNF740,12,53180700,53195141,4.48e-02,3.43e-02,NA
ASD,ENSG00000139974.15,SLC38A6,14,60981359,61083733, NA,4.47e-02,NA
ASD,ENSG00000140006.11,WDR89,14,63597039,63641861,3.91e-02,2.83e-02,NA
ASD,ENSG00000140299.11,BNIP2,15,59659146,59689534,1.59e-02, NA,NA
ASD,ENSG00000140332.15,TLE3,15,70047790,70098176,3.64e-02, NA,NA
ASD,ENSG00000140450.8,ARRDC4,15,97960698,97973838,3.67e-02, NA,NA
ASD,ENSG00000140548.9,ZNF710,15,90001392,90081438, NA,1.31e-02,NA
ASD,ENSG00000140575.12,IQGAP1,15,90388218,90502243, NA,4.96e-02,NA
ASD,ENSG00000140632.16,GLYR1,16,4803203,4846210,3.50e-02, NA,NA
ASD,ENSG00000140848.16,CPNE2,16,57092537,57148367,4.60e-02, NA,NA
ASD,ENSG00000140931.19,CMTM3,16,66603874,66613892,3.43e-02,3.34e-02,NA
ASD,ENSG00000140987.19,ZSCAN32,16,3382081,3401065, NA,3.10e-02,NA
ASD,ENSG00000140990.14,NDUFB10,16,1959508,1961975,3.57e-02,3.23e-02,NA
ASD,ENSG00000141076.17,UTP4,16,69131291,69231130,4.86e-02, NA,NA
ASD,ENSG00000141378.14,PTRH2,17,59674636,59707464, NA,7.92e-03,NA
ASD,ENSG00000141499.16,WRAP53,17,7686372,7703502,3.60e-02,2.39e-02,NA
ASD,ENSG00000141510.16,TP53,17,7661779,7677434,2.48e-02,2.27e-02,NA
ASD,ENSG00000141569.10,TRIM65,17,75880335,75897003,3.39e-02,3.34e-02,NA
ASD,ENSG00000142039.3,CCDC97,19,41310189,41324883, NA,3.90e-02,NA
ASD,ENSG00000142327.12,RNPEPL1,2,240565804,240581372, NA,1.79e-02,NA
ASD,ENSG00000142546.13,NOSIP,19,49555711,49590262,2.95e-02,3.31e-02,NA
ASD,ENSG00000142634.12,EFHD2,1,15409895,15430343, NA,4.28e-02,NA
ASD,ENSG00000142686.7,C1orf216,1,35713875,35719472,1.59e-02,1.48e-02,NA
ASD,ENSG00000143106.12,PSMA5,1,109399031,109426427,4.05e-02,3.30e-02,NA
ASD,ENSG00000143183.16,TMCO1,1,165724293,165827530, NA,3.75e-02,NA
ASD,ENSG00000143294.14,PRCC,1,156750610,156800817,2.90e-02,2.54e-02,NA
ASD,ENSG00000143315.6,PIGM,1,160027673,160031991, NA,4.79e-02,NA
ASD,ENSG00000143353.11,LYPLAL1,1,219173962,219212865, NA,2.63e-02,NA
ASD,ENSG00000143409.15,MINDY1,1,150996086,151008375, NA,4.47e-02,NA
ASD,ENSG00000143486.15,EIF2D,1,206571292,206612459,1.18e-02,1.21e-02,NA
ASD,ENSG00000143499.13,SMYD2,1,214281102,214337131,4.33e-02,2.58e-02,NA
ASD,ENSG00000143514.16,TP53BP2,1,223779899,223845972, NA,4.05e-02,NA
ASD,ENSG00000143748.17,NVL,1,224227334,224330387,9.64e-03,8.91e-03,NA
ASD,ENSG00000143756.11,FBXO28,1,224114087,224162047, NA,1.59e-02,NA
ASD,ENSG00000143977.13,SNRPG,2,70281362,70293771,3.06e-02,2.45e-02,NA
ASD,ENSG00000144029.11,MRPS5,2,95087207,95122000,4.57e-02, NA,NA
ASD,ENSG00000144048.10,DUSP11,2,73762184,73780157, NA,2.00e-02,NA
ASD,ENSG00000144199.11,FAHD2B,2,97083583,97094882,4.78e-02, NA,NA
ASD,ENSG00000144224.16,UBXN4,2,135741619,135785055,3.16e-02, NA,NA
ASD,ENSG00000144524.17,COPS7B,2,231781671,231809254,3.12e-02,3.36e-02,NA
ASD,ENSG00000144579.7,CTDSP1,2,218398256,218405941, NA,4.63e-02,NA
ASD,ENSG00000144597.13,EAF1,3,15427355,15442613,1.69e-03,7.92e-03,NA
ASD,ENSG00000144635.8,DYNC1LI1,3,32525971,32570874, NA,4.63e-02,NA
ASD,ENSG00000144736.13,SHQ1,3,72749277,72861914,4.82e-02,3.75e-02,NA
ASD,ENSG00000144827.8,ABHD10,3,111979010,111993363, NA,3.92e-02,NA
ASD,ENSG00000144909.7,OSBPL11,3,125528858,125595090,3.89e-02, NA,NA
ASD,ENSG00000145214.13,DGKQ,4,958887,986895, NA,1.09e-02,NA
ASD,ENSG00000145332.13,KLHL8,4,87160103,87240314,4.08e-02, NA,NA
ASD,ENSG00000145416.13,01-Mar,4,163524298,164384050,1.59e-02, NA,NA
ASD,ENSG00000145428.14,RNF175,4,153710125,153760235, NA,3.66e-02,NA
ASD,ENSG00000145439.11,CBR4,4,168863770,169010275, NA,2.88e-02,NA
ASD,ENSG00000145604.15,SKP2,5,36151989,36184319, NA,4.41e-02,NA
ASD,ENSG00000145882.10,PCYOX1L,5,149358007,149369653,2.70e-02,1.31e-02,NA
ASD,ENSG00000146063.19,TRIM41,5,181222499,181235809,1.59e-02,1.89e-02,NA
ASD,ENSG00000146223.14,RPL7L1,6,42879618,42889925,2.81e-02,2.20e-02,NA
ASD,ENSG00000146576.12,C7orf26,7,6590017,6608726,1.69e-03,1.17e-03,NA
ASD,ENSG00000146826.16,C7orf43,7,100154420,100158715, NA,3.80e-02,NA
ASD,ENSG00000146834.13,MEPCE,7,100428817,100434126,3.93e-02,4.54e-02,NA
ASD,ENSG00000147679.11,UTP23,8,116766503,116848945, NA,1.59e-02,NA
ASD,ENSG00000147789.15,ZNF7,8,144827464,144847509, NA,3.30e-02,NA
ASD,ENSG00000148153.13,INIP,9,112683926,112718236, NA,3.01e-02,NA
ASD,ENSG00000148158.16,SNX30,9,112750838,112881671,2.04e-02,1.31e-02,NA
ASD,ENSG00000148290.9,SURF1,9,133351755,133356676, NA,1.39e-02,NA
ASD,ENSG00000148411.7,NACC2,9,136006537,136095285, NA,4.05e-02,NA
ASD,ENSG00000148444.15,COMMD3,10,22315974,22320308, NA,4.53e-02,NA
ASD,ENSG00000148606.12,POLR3A,10,77969251,78029545,1.75e-02,1.31e-02,NA
ASD,ENSG00000148660.20,CAMK2G,10,73812501,73874591,4.73e-02, NA,NA
ASD,ENSG00000148688.13,RPP30,10,90871716,90908553,4.89e-02,4.72e-02,NA
ASD,ENSG00000148719.14,DNAJB12,10,72332830,72355230,2.82e-02,1.96e-02,NA
ASD,ENSG00000149091.15,DGKZ,11,46332905,46380554,1.59e-02,1.35e-02,NA
ASD,ENSG00000149100.12,EIF3M,11,32583798,32606262, NA,3.74e-02,NA
ASD,ENSG00000149292.16,TTC12,11,113314529,113383544,4.92e-02, NA,NA
ASD,ENSG00000149357.9,LAMTOR1,11,72085895,72103387,1.31e-02, NA,NA
ASD,ENSG00000149532.15,CPSF7,11,61402641,61430031,4.91e-02, NA,NA
ASD,ENSG00000149600.11,COMMD7,20,32702691,32743997,4.60e-02,2.30e-02,NA
ASD,ENSG00000149716.12,ORAOV1,11,69656600,69675416,3.40e-02,3.30e-02,NA
ASD,ENSG00000150093.18,ITGB1,10,32900319,33005792,3.94e-02, NA,NA
ASD,ENSG00000150990.7,DHX37,12,124946825,124989121,3.67e-02,4.79e-02,NA
ASD,ENSG00000151151.5,IPMK,10,58191517,58267934, NA,4.53e-02,NA
ASD,ENSG00000151500.14,THYN1,11,134248279,134253370,3.68e-02,4.19e-02,NA
ASD,ENSG00000151502.10,VPS26B,11,134224645,134247792,2.17e-02,2.00e-02,NA
ASD,ENSG00000151743.10,AMN1,12,31673552,31729116,1.61e-02, NA,NA
ASD,ENSG00000151948.11,GLT1D1,12,128853427,128984968,3.67e-02, NA,NA
ASD,ENSG00000152147.10,GEMIN6,2,38751534,38785000, NA,3.78e-02,NA
ASD,ENSG00000152256.13,PDK1,2,172555373,172608669,1.66e-02,1.29e-02,NA
ASD,ENSG00000152443.12,ZNF776,19,57746796,57758159,3.75e-02, NA,NA
ASD,ENSG00000152464.14,RPP38,10,15097320,15139818,2.90e-02,2.04e-02,NA
ASD,ENSG00000152520.13,PAN3,13,28138506,28295335,4.61e-02, NA,NA
ASD,ENSG00000152620.12,NADK2,5,36192592,36242279, NA,4.87e-02,NA
ASD,ENSG00000153207.14,AHCTF1,1,246839098,246931978,7.01e-03, NA,NA
ASD,ENSG00000153485.5,TMEM251,14,93184951,93187089, NA,3.30e-02,NA
ASD,ENSG00000153561.12,RMND5A,2,86720173,86778041, NA,4.46e-03,NA
ASD,ENSG00000153790.11,C7orf31,7,25134697,25180356,3.43e-02,4.11e-02,NA
ASD,ENSG00000154079.5,SDHAF4,6,70566917,70589569,3.77e-02, NA,NA
ASD,ENSG00000154305.16,MIA3,1,222618086,222668012, NA,3.73e-02,NA
ASD,ENSG00000154710.16,RABGEF1,7,66682164,66808064,1.39e-02,1.18e-02,NA
ASD,ENSG00000155034.18,FBXL18,7,5431335,5513798, NA,1.80e-02,NA
ASD,ENSG00000155438.11,NIFK,2,121726945,121736923,1.45e-02,1.18e-02,NA
ASD,ENSG00000156026.14,MCU,10,72692131,72887694,4.91e-02, NA,NA
ASD,ENSG00000156127.6,BATF,14,75522425,75547015, NA,2.33e-02,NA
ASD,ENSG00000156299.13,TIAM1,21,31118416,31559977,3.11e-02,4.41e-02,NA
ASD,ENSG00000156414.18,TDRD9,14,103928462,104052667,3.67e-02, NA,NA
ASD,ENSG00000156521.13,TYSND1,10,70137981,70146676,1.79e-02,1.59e-02,NA
ASD,ENSG00000156885.5,COX6A2,16,31427731,31428151, NA,1.97e-02,NA
ASD,ENSG00000156931.15,VPS8,3,184812143,185052614,1.32e-02, NA,NA
ASD,ENSG00000156973.13,PDE6D,2,231732425,231786272,2.22e-02,2.83e-02,NA
ASD,ENSG00000157014.10,TATDN2,3,10248023,10281218,3.06e-02,2.52e-02,NA
ASD,ENSG00000157020.17,SEC13,3,10300931,10321178,2.76e-02,2.29e-02,NA
ASD,ENSG00000157107.13,FCHO2,5,72955981,73090522, NA,4.79e-02,NA
ASD,ENSG00000157184.6,CPT2,1,53196429,53214098, NA,6.20e-03,NA
ASD,ENSG00000157353.16,FUK,16,70454421,70480274,4.82e-02,3.06e-02,NA
ASD,ENSG00000157426.13,AASDH,4,56338287,56387508,3.05e-02, NA,NA
ASD,ENSG00000157450.15,RNF111,15,58987655,59097419,1.50e-02, NA,NA
ASD,ENSG00000157911.9,PEX10,1,2405445,2413797,4.91e-02, NA,NA
ASD,ENSG00000157916.19,RER1,1,2391775,2403963, NA,3.45e-02,NA
ASD,ENSG00000157933.9,SKI,1,2228695,2310119, NA,8.10e-03,NA
ASD,ENSG00000157954.14,WIPI2,7,5190188,5233826,1.24e-02,1.18e-02,NA
ASD,ENSG00000158467.16,AHCYL2,7,129225023,129430211,3.77e-02,3.44e-02,NA
ASD,ENSG00000158615.8,PPP1R15B,1,204403387,204411791,4.95e-02,4.11e-02,NA
ASD,ENSG00000159069.13,FBXW5,9,136940435,136944687,3.08e-02, NA,NA
ASD,ENSG00000159079.18,C21orf59,21,32592079,32612866,1.32e-02,1.18e-02,NA
ASD,ENSG00000159131.16,GART,21,33503931,33543491,4.60e-02, NA,NA
ASD,ENSG00000159593.14,NAE1,16,66802875,66873256,3.41e-02,3.10e-02,NA
ASD,ENSG00000159792.9,PSKH1,16,67893272,67929491, NA,1.08e-02,NA
ASD,ENSG00000160014.16,CALM3,19,46601236,46610793,3.95e-02, NA,NA
ASD,ENSG00000160075.11,SSU72,1,1541673,1574869, NA,3.06e-02,NA
ASD,ENSG00000160216.18,AGPAT3,21,43865186,43986536, NA,4.96e-02,NA
ASD,ENSG00000160218.12,TRAPPC10,21,44012319,44106552, NA,3.26e-02,NA
ASD,ENSG00000160226.15,C21orf2,21,44329232,44339375,4.27e-02, NA,NA
ASD,ENSG00000160255.17,ITGB2,21,44885953,44931989,1.59e-02, NA,NA
ASD,ENSG00000160325.14,CACFD1,9,133459965,133470848,4.49e-02,4.79e-02,NA
ASD,ENSG00000160404.17,TOR2A,9,127731601,127735317,4.60e-02,4.83e-02,NA
ASD,ENSG00000160446.18,ZDHHC12,9,128720919,128724127, NA,1.31e-02,NA
ASD,ENSG00000160783.19,PMF1,1,156212993,156240042,4.60e-02,4.12e-02,NA
ASD,ENSG00000161021.11,MAML1,5,179732850,179796252, NA,4.50e-02,NA
ASD,ENSG00000161526.14,SAP30BP,17,75667190,75708062,4.99e-02, NA,NA
ASD,ENSG00000161618.9,ALDH16A1,19,49453169,49471048,4.71e-02, NA,NA
ASD,ENSG00000161955.16,TNFSF13,17,7558292,7561608, NA,4.96e-02,NA
ASD,ENSG00000162302.12,RPS6KA4,11,64359148,64372215,3.40e-02,3.03e-02,NA
ASD,ENSG00000162368.13,CMPK1,1,47333797,47378839,4.46e-02,4.68e-02,NA
ASD,ENSG00000162377.5,COA7,1,52684451,52698366,1.27e-02,1.07e-02,NA
ASD,ENSG00000162384.13,C1orf123,1,53214198,53220617,6.33e-03,4.46e-03,NA
ASD,ENSG00000162413.16,KLHL21,1,6590724,6614607,2.65e-02,4.83e-02,NA
ASD,ENSG00000162604.12,TM2D1,1,61681046,61725423, NA,2.96e-02,NA
ASD,ENSG00000162772.16,ATF3,1,212565334,212620777,3.89e-02, NA,NA
ASD,ENSG00000162813.17,BPNT1,1,220057482,220090462,4.49e-02,3.25e-02,NA
ASD,ENSG00000162892.15,IL24,1,206897443,206904139,3.51e-02, NA,NA
ASD,ENSG00000162894.11,FCMR,1,206904386,206923247,1.33e-02,1.54e-02,NA
ASD,ENSG00000162909.17,CAPN2,1,223701593,223776018,2.04e-02,2.54e-02,NA
ASD,ENSG00000163013.11,FBXO41,2,73254682,73284431,1.32e-02,1.25e-02,NA
ASD,ENSG00000163026.11,WDCP,2,24029340,24049575, NA,3.78e-02,NA
ASD,ENSG00000163104.17,SMARCAD1,4,94207611,94291292, NA,4.77e-02,NA
ASD,ENSG00000163154.5,TNFAIP8L2,1,151156629,151159747, NA,3.03e-02,NA
ASD,ENSG00000163257.10,DCAF16,4,17800655,17810758,4.04e-02,3.41e-02,NA
ASD,ENSG00000163297.16,ANTXR2,4,79901149,80125454,1.42e-02,2.54e-02,NA
ASD,ENSG00000163319.10,MRPS18C,4,83455965,83469735, NA,7.92e-03,NA
ASD,ENSG00000163449.10,TMEM169,2,216081866,216102783, NA,1.95e-02,NA
ASD,ENSG00000163481.7,RNF25,2,218663864,218672411,1.63e-02,1.18e-02,NA
ASD,ENSG00000163482.11,STK36,2,218672741,218702716, NA,4.89e-02,NA
ASD,ENSG00000163513.17,TGFBR2,3,30606502,30694142,2.04e-02, NA,NA
ASD,ENSG00000163528.12,CHCHD4,3,14112077,14124870,3.80e-02,2.57e-02,NA
ASD,ENSG00000163602.10,RYBP,3,72371825,72446621,4.53e-02, NA,NA
ASD,ENSG00000163684.11,RPP14,3,58306247,58324695, NA,4.89e-02,NA
ASD,ENSG00000163719.19,MTMR14,3,9649433,9702393,4.53e-02,3.55e-02,NA
ASD,ENSG00000163728.10,TTC14,3,180602130,180617828,1.75e-02, NA,NA
ASD,ENSG00000163832.15,ELP6,3,47495640,47513761,2.14e-02,2.83e-02,NA
ASD,ENSG00000163848.19,ZNF148,3,125225561,125375354,4.72e-02, NA,NA
ASD,ENSG00000163904.12,SENP2,3,185582496,185633551,4.33e-02, NA,NA
ASD,ENSG00000163960.11,UBXN7,3,196347662,196416235,1.32e-02, NA,NA
ASD,ENSG00000164008.14,C1orf50,1,42767269,42775747,3.20e-02, NA,NA
ASD,ENSG00000164011.17,ZNF691,1,42846573,42852477,7.93e-03,8.63e-03,NA
ASD,ENSG00000164111.14,ANXA5,4,121667955,121697113,3.01e-02, NA,NA
ASD,ENSG00000164117.13,FBXO8,4,174236658,174284264, NA,3.78e-02,NA
ASD,ENSG00000164209.16,SLC25A46,5,110738136,110765161, NA,4.59e-02,NA
ASD,ENSG00000164347.17,GFM2,5,74721289,74767371, NA,1.35e-02,NA
ASD,ENSG00000164506.14,STXBP5,6,147204615,147390476,2.90e-02, NA,NA
ASD,ENSG00000164535.14,DAGLB,7,6409129,6448012,8.71e-03, NA,NA
ASD,ENSG00000164576.11,SAP30L,5,154445957,154461054, NA,3.12e-02,NA
ASD,ENSG00000164654.15,MIOS,7,7566997,7607496, NA,1.96e-02,NA
ASD,ENSG00000164713.9,BRI3,7,98252379,98310441, NA,3.51e-02,NA
ASD,ENSG00000164715.5,LMTK2,7,98106885,98209633,1.12e-02,1.31e-02,NA
ASD,ENSG00000164830.18,OXR1,8,106359476,106752694,3.39e-02, NA,NA
ASD,ENSG00000164885.12,CDK5,7,151053812,151058199, NA,4.00e-02,NA
ASD,ENSG00000164889.13,SLC4A2,7,151057210,151075775,2.38e-02,2.02e-02,NA
ASD,ENSG00000164896.19,FASTK,7,151076593,151080862,3.44e-02,2.47e-02,NA
ASD,ENSG00000164897.12,TMUB1,7,151081080,151083546, NA,4.75e-02,NA
ASD,ENSG00000164902.13,PHAX,5,126600268,126627252, NA,2.69e-02,NA
ASD,ENSG00000164985.14,PSIP1,9,15464135,15511019, NA,2.54e-02,NA
ASD,ENSG00000165055.15,METTL2B,7,128476729,128506602,1.33e-02,1.14e-02,NA
ASD,ENSG00000165209.18,STRBP,9,123115764,123268576,3.43e-02,3.12e-02,NA
ASD,ENSG00000165416.14,SUGT1,13,52652709,52700909,3.68e-02,4.60e-02,NA
ASD,ENSG00000165476.13,REEP3,10,63521363,63625123,2.75e-02, NA,NA
ASD,ENSG00000165898.13,ISCA2,14,74493720,74497106, NA,2.06e-02,NA
ASD,ENSG00000165934.12,CPSF2,14,92121937,92172145, NA,4.47e-02,NA
ASD,ENSG00000166135.13,HIF1AN,10,100529072,100559998, NA,1.33e-02,NA
ASD,ENSG00000166166.12,TRMT61A,14,103529184,103537073,3.16e-02,4.84e-02,NA
ASD,ENSG00000166224.16,SGPL1,10,70815961,70881173,1.79e-02,1.53e-02,NA
ASD,ENSG00000166343.9,MSS51,10,73423579,73433561,2.75e-02, NA,NA
ASD,ENSG00000166477.12,LEO1,15,51938025,51971806,2.17e-02,1.80e-02,NA
ASD,ENSG00000166557.12,TMED3,15,79311062,79427432,2.57e-02,2.52e-02,NA
ASD,ENSG00000166595.11,FAM96B,16,66932055,66934400,4.92e-02, NA,NA
ASD,ENSG00000166710.17,B2M,15,44711477,44718877,1.33e-02, NA,NA
ASD,ENSG00000166734.18,CASC4,15,44288729,44415758,9.45e-03, NA,NA
ASD,ENSG00000166887.15,VPS39,15,42158701,42208316,2.75e-02,2.54e-02,NA
ASD,ENSG00000166908.17,PIP4K2C,12,57591174,57603418,1.95e-02,1.97e-02,NA
ASD,ENSG00000166946.13,CCNDBP1,15,43185257,43195372,1.59e-02, NA,NA
ASD,ENSG00000166971.16,AKTIP,16,53491650,53504411,4.57e-02, NA,NA
ASD,ENSG00000166986.14,MARS,12,57475445,57516587,1.59e-02,1.80e-02,NA
ASD,ENSG00000167112.9,TRUB2,9,128305161,128322535, NA,4.96e-02,NA
ASD,ENSG00000167113.10,COQ4,9,128322743,128334072,4.74e-02,4.74e-02,NA
ASD,ENSG00000167118.10,URM1,9,128371319,128391460,2.97e-02,4.63e-02,NA
ASD,ENSG00000167208.14,SNX20,16,50671640,50681353, NA,2.39e-02,NA
ASD,ENSG00000167261.13,DPEP2,16,67987394,68000586, NA,1.31e-02,NA
ASD,ENSG00000167264.17,DUS2,16,67987761,68079320,2.02e-02,2.97e-02,NA
ASD,ENSG00000167272.10,POP5,12,120578764,120581398,2.76e-02,2.95e-02,NA
ASD,ENSG00000167315.17,ACAA2,18,49782167,49813960,2.66e-02,3.10e-02,NA
ASD,ENSG00000167447.12,SMG8,17,59209400,59215247, NA,3.26e-02,NA
ASD,ENSG00000167615.16,LENG8,19,54449046,54461795,2.62e-02,3.02e-02,NA
ASD,ENSG00000167778.8,SPRYD3,12,53064373,53079420, NA,3.34e-02,NA
ASD,ENSG00000168096.14,ANKS3,16,4696510,4734271, NA,4.51e-02,NA
ASD,ENSG00000168286.2,THAP11,16,67842082,67844195,1.59e-02,1.27e-02,NA
ASD,ENSG00000168395.15,ING5,2,241687085,241729478,2.75e-02,2.97e-02,NA
ASD,ENSG00000168397.16,ATG4B,2,241637450,241673857,3.20e-02,3.26e-02,NA
ASD,ENSG00000168438.14,CDC40,6,110180141,110254275, NA,3.78e-02,NA
ASD,ENSG00000168612.4,ZSWIM1,20,45881227,45885266, NA,1.48e-02,NA
ASD,ENSG00000168701.18,TMEM208,16,67227113,67229278, NA,1.55e-02,NA
ASD,ENSG00000168758.10,SEMA4C,2,96859716,96870757,4.72e-02,3.11e-02,NA
ASD,ENSG00000168802.12,CHTF8,16,69118010,69132514,2.95e-02,4.80e-02,NA
ASD,ENSG00000168887.10,C2orf68,2,85606654,85612066, NA,4.92e-02,NA
ASD,ENSG00000168890.13,TMEM150A,2,85598548,85602698,1.85e-02,1.80e-02,NA
ASD,ENSG00000169826.7,CSGALNACT2,10,43138486,43185308,3.21e-02, NA,NA
ASD,ENSG00000169871.12,TRIM56,7,101085439,101097967, NA,3.94e-03,NA
ASD,ENSG00000169926.10,KLF13,15,31326855,31435665,3.46e-02, NA,NA
ASD,ENSG00000169976.6,SF3B5,6,144094881,144095573,3.77e-02,4.40e-02,NA
ASD,ENSG00000169991.10,IFFO2,1,18904281,18956686, NA,4.05e-02,NA
ASD,ENSG00000170088.13,TMEM192,4,165070608,165208549,1.33e-02,1.79e-02,NA
ASD,ENSG00000170190.15,SLC16A5,17,75087727,75106162, NA,1.48e-02,NA
ASD,ENSG00000170270.4,GON7,14,93202894,93207055, NA,3.66e-02,NA
ASD,ENSG00000170291.14,ELP5,17,7252082,7259902,2.17e-02,3.53e-02,NA
ASD,ENSG00000170468.7,RIOX1,14,73490964,73493392,1.42e-02,1.14e-02,NA
ASD,ENSG00000170473.16,PYM1,12,55901413,55932560,1.15e-02,8.63e-03,NA
ASD,ENSG00000170619.9,COMMD5,8,144841042,144853736, NA,7.92e-03,NA
ASD,ENSG00000170836.11,PPM1D,17,60600183,60666280, NA,2.54e-02,NA
ASD,ENSG00000170837.2,GPR27,3,71754050,71756496, NA,2.54e-02,NA
ASD,ENSG00000170876.7,TMEM43,3,14124940,14143679, NA,4.92e-02,NA
ASD,ENSG00000170889.13,RPS9,19,54200742,54249003,2.90e-02,4.12e-02,NA
ASD,ENSG00000170906.15,NDUFA3,19,54102728,54109257,7.83e-03,6.46e-03,NA
ASD,ENSG00000170915.8,PAQR8,6,52361421,52407777,3.23e-02,2.00e-02,NA
ASD,ENSG00000171130.17,ATP6V0E2,7,149872968,149880698, NA,4.89e-02,NA
ASD,ENSG00000171135.13,JAGN1,3,9890554,9894349,4.60e-02, NA,NA
ASD,ENSG00000171148.13,TADA3,3,9779860,9792494, NA,2.53e-02,NA
ASD,ENSG00000171163.15,ZNF692,1,248850006,248859085, NA,4.11e-02,NA
ASD,ENSG00000171302.16,CANT1,17,78991717,79009867,1.19e-02,1.72e-02,NA
ASD,ENSG00000171428.13,NAT1,8,18170477,18223689, NA,3.62e-02,NA
ASD,ENSG00000171448.8,ZBTB26,9,122915566,122931500, NA,3.32e-02,NA
ASD,ENSG00000171453.17,POLR1C,6,43517022,43529585,1.31e-02,1.13e-02,NA
ASD,ENSG00000171557.16,FGG,4,154604134,154612967, NA,3.30e-02,NA
ASD,ENSG00000171566.11,PLRG1,4,154535006,154550435,2.81e-02,1.79e-02,NA
ASD,ENSG00000171763.18,SPATA5L1,15,45402331,45421419,2.75e-02, NA,NA
ASD,ENSG00000172009.14,THOP1,19,2785460,2815807,2.97e-02,1.97e-02,NA
ASD,ENSG00000172081.13,MOB3A,19,2071038,2096673, NA,4.74e-02,NA
ASD,ENSG00000172123.12,SLFN12,17,35411060,35433283, NA,4.92e-02,NA
ASD,ENSG00000172239.13,PAIP1,5,43526267,43557758, NA,3.62e-02,NA
ASD,ENSG00000172315.5,TP53RK,20,46684365,46689658,1.39e-02,3.08e-02,NA
ASD,ENSG00000172354.9,GNB2,7,100673531,100679174,4.87e-02, NA,NA
ASD,ENSG00000172586.7,CHCHD1,10,73782047,73783652, NA,3.11e-02,NA
ASD,ENSG00000172667.10,ZMAT3,3,179017223,179072279,2.69e-02, NA,NA
ASD,ENSG00000172794.19,RAB37,17,74670578,74747318,3.11e-02,1.59e-02,NA
ASD,ENSG00000172795.15,DCP2,5,112976702,113020970,2.74e-02, NA,NA
ASD,ENSG00000172819.16,RARG,12,53210567,53232980,1.12e-02,8.63e-03,NA
ASD,ENSG00000172831.11,CES2,16,66934444,66944659,2.05e-02,1.58e-02,NA
ASD,ENSG00000173039.18,RELA,11,65653596,65663094, NA,4.49e-02,NA
ASD,ENSG00000173083.14,HPSE,4,83292461,83335153,3.31e-02,1.00e-02,NA
ASD,ENSG00000173418.11,NAA20,20,20017116,20033655,3.38e-02,3.57e-02,NA
ASD,ENSG00000173480.10,ZNF417,19,57900296,57916610,4.71e-02, NA,NA
ASD,ENSG00000173641.17,HSPB7,1,16014028,16019594, NA,4.01e-02,NA
ASD,ENSG00000173692.12,PSMD1,2,231056864,231172827, NA,1.55e-02,NA
ASD,ENSG00000173715.15,C11orf80,11,66744451,66843328,3.33e-02,2.74e-02,NA
ASD,ENSG00000173950.15,XXYLT1,3,195068279,195271167, NA,1.83e-02,NA
ASD,ENSG00000174004.5,NRROS,3,196639686,196662004,2.26e-02,2.52e-02,NA
ASD,ENSG00000174109.4,C16orf91,16,1419744,1420800,4.50e-02,3.31e-02,NA
ASD,ENSG00000174151.14,CYB561D1,1,109494052,109502932, NA,1.95e-02,NA
ASD,ENSG00000174327.6,SLC16A13,17,7036075,7040121,1.82e-02,2.57e-02,NA
ASD,ENSG00000174718.11,KIAA1551,12,31959370,31993107,2.04e-02, NA,NA
ASD,ENSG00000174720.15,LARP7,4,112636990,112657592, NA,3.11e-02,NA
ASD,ENSG00000175073.7,VCPIP1,8,66628487,66667217, NA,4.71e-02,NA
ASD,ENSG00000175110.11,MRPS22,3,139110404,139357223, NA,3.57e-02,NA
ASD,ENSG00000175137.10,SH3BP5L,1,248810446,248826633,2.90e-02, NA,NA
ASD,ENSG00000175203.15,DCTN2,12,57530149,57547331,1.12e-02,1.00e-02,NA
ASD,ENSG00000175213.2,ZNF408,11,46700818,46705912, NA,2.07e-02,NA
ASD,ENSG00000175215.10,CTDSP2,12,57819927,57846739,4.71e-02, NA,NA
ASD,ENSG00000175221.14,MED16,19,867630,893218,1.31e-02,1.08e-02,NA
ASD,ENSG00000175283.7,DOLK,9,128945530,128947619, NA,1.30e-02,NA
ASD,ENSG00000175482.8,POLD4,11,67350777,67356972, NA,3.26e-02,NA
ASD,ENSG00000176022.4,B3GALT6,1,1232265,1235041, NA,4.47e-02,NA
ASD,ENSG00000176058.11,TPRN,9,137191617,137200798,7.01e-03,6.46e-03,NA
ASD,ENSG00000176101.11,SSNA1,9,137188647,137190370,8.05e-03,9.66e-03,NA
ASD,ENSG00000176102.11,CSTF3,11,33084584,33162371, NA,3.06e-02,NA
ASD,ENSG00000176390.11,CRLF3,17,30769388,30824776,4.59e-02, NA,NA
ASD,ENSG00000176783.14,RUFY1,5,179550558,179610026, NA,1.38e-02,NA
ASD,ENSG00000177096.8,FAM109B,22,42074251,42079441,2.95e-02, NA,NA
ASD,ENSG00000177105.9,RHOG,11,3826978,3840983,3.46e-02, NA,NA
ASD,ENSG00000177192.13,PUS1,12,131929352,131945896, NA,3.23e-02,NA
ASD,ENSG00000177239.14,MAN1B1,9,137086927,137109187,2.05e-02, NA,NA
ASD,ENSG00000177885.13,GRB2,17,75318076,75405709, NA,3.90e-02,NA
ASD,ENSG00000178307.9,TMEM11,17,21197280,21214624, NA,2.72e-03,NA
ASD,ENSG00000178397.12,FAM220A,7,6329409,6348981,8.71e-03,8.63e-03,NA
ASD,ENSG00000178585.14,CTNNBIP1,1,9848276,9910336,3.77e-02, NA,NA
ASD,ENSG00000178935.5,ZNF552,19,57803841,57814913,3.64e-02, NA,NA
ASD,ENSG00000178951.8,ZBTB7A,19,4044364,4066945,3.06e-02,3.11e-02,NA
ASD,ENSG00000178996.13,SNX18,5,54517759,54546585, NA,1.59e-02,NA
ASD,ENSG00000179041.3,RRS1,8,66429028,66430733,1.75e-02,1.31e-02,NA
ASD,ENSG00000180423.4,HARBI1,11,46602861,46617909, NA,1.53e-02,NA
ASD,ENSG00000180448.10,ARHGAP45,19,1065923,1086578,3.27e-02,2.50e-02,NA
ASD,ENSG00000180901.10,KCTD2,17,75032575,75065889, NA,1.18e-02,NA
ASD,ENSG00000180953.11,ST20,15,79898840,79915256,4.39e-02, NA,NA
ASD,ENSG00000180957.17,PITPNB,22,27851669,27920134,3.63e-02,4.48e-02,NA
ASD,ENSG00000181284.2,TMEM102,17,7435443,7437679, NA,3.39e-02,NA
ASD,ENSG00000181610.12,MRPS23,17,57834781,57850056,4.74e-02,3.83e-02,NA
ASD,ENSG00000181830.8,SLC35C1,11,45804072,45813015,2.81e-02,2.07e-02,NA
ASD,ENSG00000182095.14,TNRC18,7,5306871,5425414, NA,2.99e-02,NA
ASD,ENSG00000182180.13,MRPS16,10,73248863,73252693,1.77e-02,1.99e-02,NA
ASD,ENSG00000182307.12,C8orf33,8,145052378,145056030,4.08e-02,3.03e-02,NA
ASD,ENSG00000182487.12,NCF1B,7,73220624,73235945,1.95e-02,8.63e-03,NA
ASD,ENSG00000182544.8,MFSD5,12,53251251,53254405,3.91e-02,1.59e-02,NA
ASD,ENSG00000182768.8,NGRN,15,90265659,90278141,3.12e-02,3.29e-02,NA
ASD,ENSG00000182796.13,TMEM198B,12,55829637,55835432,3.71e-02,3.85e-02,NA
ASD,ENSG00000182810.6,DDX28,16,68021274,68022955,1.59e-02,1.31e-02,NA
ASD,ENSG00000182858.13,ALG12,22,49900229,49918458,2.47e-02,1.99e-02,NA
ASD,ENSG00000182919.14,C11orf54,11,93741963,93764749,3.89e-02, NA,NA
ASD,ENSG00000182944.17,EWSR1,22,29268009,29300525, NA,3.60e-02,NA
ASD,ENSG00000183255.11,PTTG1IP,21,44849585,44873903,3.75e-02, NA,NA
ASD,ENSG00000183283.15,DAZAP2,12,51238292,51271362,1.74e-02, NA,NA
ASD,ENSG00000183520.11,UTP11,1,38009258,38024824,4.89e-02, NA,NA
ASD,ENSG00000183617.4,MRPL54,19,3762664,3768575,1.75e-02,1.55e-02,NA
ASD,ENSG00000183718.5,TRIM52,5,181254417,181261118, NA,7.92e-03,NA
ASD,ENSG00000183741.11,CBX6,22,38861450,38872314, NA,1.55e-02,NA
ASD,ENSG00000183762.12,KREMEN1,22,29073078,29168333, NA,3.11e-02,NA
ASD,ENSG00000183784.6,C9orf66,9,212824,215741, NA,1.21e-02,NA
ASD,ENSG00000183826.16,BTBD9,6,38168451,38640148, NA,1.55e-02,NA
ASD,ENSG00000183978.7,COA3,17,42795383,42798704, NA,4.86e-02,NA
ASD,ENSG00000184164.14,CRELD2,22,49918167,49927540,1.59e-02,1.88e-02,NA
ASD,ENSG00000184203.7,PPP1R2,3,195514425,195543386,2.90e-02, NA,NA
ASD,ENSG00000184209.14,SNRNP35,12,123457641,123473154, NA,4.63e-02,NA
ASD,ENSG00000184381.18,PLA2G6,22,38111495,38205690, NA,4.46e-03,NA
ASD,ENSG00000184441.4,AP001062.7,21,44331234,44335851,2.32e-02,4.05e-02,NA
ASD,ENSG00000184470.20,TXNRD2,22,19875517,19941992,2.47e-02,2.88e-02,NA
ASD,ENSG00000184611.11,KCNH7,2,162371596,162838730, NA,2.39e-02,NA
ASD,ENSG00000184857.7,TMEM186,16,8780384,8797648,3.38e-02,3.08e-02,NA
ASD,ENSG00000184992.10,BRI3BP,12,124993700,125031231, NA,1.31e-02,NA
ASD,ENSG00000185485.14,SDHAP1,3,195959748,195990305, NA,2.83e-02,NA
ASD,ENSG00000185591.9,SP1,12,53380176,53416446,1.89e-02, NA,NA
ASD,ENSG00000185798.7,WDR53,3,196554177,196568610, NA,4.11e-02,NA
ASD,ENSG00000185862.6,EVI2B,17,31303766,31314112,3.06e-02, NA,NA
ASD,ENSG00000185905.3,C16orf54,16,29742463,29746006, NA,1.31e-02,NA
ASD,ENSG00000186063.12,AIDA,1,222668013,222713210,3.57e-02,2.09e-02,NA
ASD,ENSG00000186088.15,GSAP,7,77310751,77416400,2.38e-02,2.00e-02,NA
ASD,ENSG00000186111.9,PIP5K1C,19,3630183,3700479,1.60e-02,1.35e-02,NA
ASD,ENSG00000186130.4,ZBTB6,9,122908056,122913330, NA,3.02e-02,NA
ASD,ENSG00000186350.9,RXRA,9,134317098,134440585, NA,1.36e-02,NA
ASD,ENSG00000186575.17,NF2,22,29603556,29698598,2.95e-02,3.30e-02,NA
ASD,ENSG00000186625.13,KATNA1,6,149594873,149648972, NA,2.47e-02,NA
ASD,ENSG00000186635.14,ARAP1,11,72685069,72752403,4.73e-02, NA,NA
ASD,ENSG00000186834.3,HEXIM1,17,45148502,45152101,4.56e-02, NA,NA
ASD,ENSG00000186854.10,TRABD2A,2,84821650,84907008,3.32e-02,4.49e-02,NA
ASD,ENSG00000187257.15,RSBN1L,7,77696443,77783022,3.23e-02, NA,NA
ASD,ENSG00000187713.6,TMEM203,9,137204082,137205638,1.12e-02,1.18e-02,NA
ASD,ENSG00000187775.16,DNAH17,17,78423697,78577394,2.75e-02, NA,NA
ASD,ENSG00000187778.13,MCRS1,12,49556544,49568153,1.31e-02,1.14e-02,NA
ASD,ENSG00000187838.16,PLSCR3,17,7389775,7394843,3.01e-02,3.03e-02,NA
ASD,ENSG00000187954.12,CYHR1,8,144449582,144465677, NA,3.34e-02,NA
ASD,ENSG00000188033.9,ZNF490,19,12577961,12640098,4.27e-02,4.08e-02,NA
ASD,ENSG00000188042.7,ARL4C,2,234493041,234497053,3.23e-02,3.74e-02,NA
ASD,ENSG00000188092.14,GPR89B,1,147928393,147993339,4.15e-02, NA,NA
ASD,ENSG00000188295.14,ZNF669,1,247099962,247104372,1.92e-03, NA,NA
ASD,ENSG00000188305.5,C19orf35,19,2274622,2282176,2.05e-02,3.11e-02,NA
ASD,ENSG00000188352.12,FOCAD,9,20658309,20995955,3.13e-02,3.25e-02,NA
ASD,ENSG00000188542.9,DUSP28,2,240560054,240564014, NA,2.57e-02,NA
ASD,ENSG00000188599.17,NPIPP1,16,15104312,15123498, NA,4.59e-02,NA
ASD,ENSG00000188921.13,HACD4,9,20999515,21031636, NA,2.61e-02,NA
ASD,ENSG00000188986.6,NELFB,9,137255173,137273546,2.48e-02,2.84e-02,NA
ASD,ENSG00000189091.12,SF3B3,16,70523788,70577670,3.46e-02,3.30e-02,NA
ASD,ENSG00000189159.15,HN1,17,75135248,75154683, NA,2.23e-02,NA
ASD,ENSG00000189319.13,FAM53B,10,124619292,124744269,3.23e-02,2.83e-02,NA
ASD,ENSG00000196116.7,TDRD7,9,97411950,97496125, NA,3.54e-02,NA
ASD,ENSG00000196152.10,ZNF79,9,127424374,127445372,4.45e-02, NA,NA
ASD,ENSG00000196182.10,STK40,1,36339624,36385896, NA,1.87e-02,NA
ASD,ENSG00000196204.11,RNF216P1,7,4973988,5040675,2.93e-02,3.30e-02,NA
ASD,ENSG00000196227.10,FAM217B,20,59933764,59948680,3.05e-02, NA,NA
ASD,ENSG00000196233.12,LCOR,10,96832260,96995959,4.03e-02, NA,NA
ASD,ENSG00000196290.14,NIF3L1,2,200889327,200903930,3.98e-02,3.63e-02,NA
ASD,ENSG00000196363.9,WDR5,9,134135773,134159968,2.30e-02,1.96e-02,NA
ASD,ENSG00000196588.14,MKL1,22,40410290,40636702, NA,4.96e-02,NA
ASD,ENSG00000196642.18,RABL6,9,136807943,136841187,1.79e-02,1.58e-02,NA
ASD,ENSG00000196663.15,TECPR2,14,102362963,102501675, NA,2.06e-02,NA
ASD,ENSG00000196670.13,ZFP62,5,180847611,180861285,2.95e-02,4.32e-02,NA
ASD,ENSG00000196922.10,ZNF252P,8,144973589,145000538, NA,3.66e-02,NA
ASD,ENSG00000197150.12,ABCB8,7,151028422,151047782,2.75e-02,1.99e-02,NA
ASD,ENSG00000197162.9,ZNF785,16,30573740,30585771, NA,3.78e-02,NA
ASD,ENSG00000197182.14,MIRLET7BHG,22,46080312,46113928, NA,1.88e-02,NA
ASD,ENSG00000197363.9,ZNF517,8,144798876,144811169,4.91e-02, NA,NA
ASD,ENSG00000197562.9,RAB40C,16,589357,629272, NA,4.22e-02,NA
ASD,ENSG00000197852.9,FAM212B,1,111680630,111755244, NA,1.99e-02,NA
ASD,ENSG00000197858.10,GPAA1,8,144082590,144086216,3.70e-02, NA,NA
ASD,ENSG00000197943.9,PLCG2,16,81779258,81962693, NA,3.30e-02,NA
ASD,ENSG00000198019.12,FCGR1B,1,121087345,121096310,1.69e-03, NA,NA
ASD,ENSG00000198113.2,TOR4A,9,137277749,137282641, NA,2.67e-02,NA
ASD,ENSG00000198246.7,SLC29A3,10,71319258,71363385,1.31e-02,3.49e-02,NA
ASD,ENSG00000198331.10,HYLS1,11,125883614,125900648,2.96e-02,2.96e-02,NA
ASD,ENSG00000198356.11,ASNA1,19,12737139,12748323,3.69e-02,3.34e-02,NA
ASD,ENSG00000198363.17,ASPH,8,61501646,61714640,1.79e-02, NA,NA
ASD,ENSG00000198585.11,NUDT16,3,131381671,131388830, NA,3.12e-02,NA
ASD,ENSG00000198612.10,COPS8,2,237085818,237100466, NA,4.59e-02,NA
ASD,ENSG00000198642.6,KLHL9,9,21329671,21335380, NA,4.79e-02,NA
ASD,ENSG00000198663.16,C6orf89,6,36871873,36928964, NA,2.61e-02,NA
ASD,ENSG00000198736.11,MSRB1,16,1938210,1943326,4.49e-02, NA,NA
ASD,ENSG00000198740.8,ZNF652,17,49289206,49362116, NA,3.73e-02,NA
ASD,ENSG00000198791.11,CNOT7,8,17224964,17246570, NA,9.66e-03,NA
ASD,ENSG00000198841.3,KTI12,1,52032103,52033390,2.89e-02,2.07e-02,NA
ASD,ENSG00000198951.11,NAGA,22,42058457,42070842,3.00e-02, NA,NA
ASD,ENSG00000198954.7,KIF1BP,10,68988721,69043544,4.50e-02, NA,NA
ASD,ENSG00000203772.7,SPRN,10,133420671,133424572,4.81e-02, NA,NA
ASD,ENSG00000203791.14,METTL10,10,124748149,124791870, NA,4.11e-02,NA
ASD,ENSG00000204054.13,LINC00963,9,129483451,129513686, NA,2.47e-02,NA
ASD,ENSG00000204070.9,SYS1,20,45361937,45376798,3.64e-02,3.03e-02,NA
ASD,ENSG00000204822.6,MRPL53,2,74471958,74473322,2.51e-02,2.57e-02,NA
ASD,ENSG00000205060.10,SLC35B4,7,134289332,134317051, NA,4.72e-02,NA
ASD,ENSG00000205220.11,PSMB10,16,67934502,67937087,2.90e-02,2.20e-02,NA
ASD,ENSG00000205250.8,E2F4,16,67192169,67198918,2.26e-02,2.09e-02,NA
ASD,ENSG00000205302.6,SNX2,5,122774996,122830108, NA,3.23e-02,NA
ASD,ENSG00000205352.10,PRR13,12,53441605,53446645,3.20e-02, NA,NA
ASD,ENSG00000205413.7,SAMD9,7,93099513,93118023, NA,1.96e-02,NA
ASD,ENSG00000205643.10,CDPF1,22,46244011,46250679,1.75e-02,2.98e-02,NA
ASD,ENSG00000205730.6,ITPRIPL2,16,19113932,19120708, NA,3.48e-02,NA
ASD,ENSG00000205903.6,ZNF316,7,6637322,6656432,2.20e-02,1.18e-02,NA
ASD,ENSG00000211460.11,TSN,2,121737103,121767853,3.77e-02,2.54e-02,NA
ASD,ENSG00000211592.8,IGKC,2,88857161,88857683, NA,3.08e-02,NA
ASD,ENSG00000211593.2,IGKJ5,2,88860568,88860605, NA,2.57e-02,NA
ASD,ENSG00000211595.2,IGKJ3,2,88861221,88861258, NA,1.97e-02,NA
ASD,ENSG00000211596.3,IGKJ2,2,88861525,88861563, NA,3.25e-02,NA
ASD,ENSG00000211597.2,IGKJ1,2,88861886,88861923, NA,3.06e-02,NA
ASD,ENSG00000211598.2,IGKV4-1,2,88885397,88886153, NA,1.97e-02,NA
ASD,ENSG00000211625.2,IGKV3D-20,2,90038848,90039479, NA,4.47e-02,NA
ASD,ENSG00000211899.9,IGHM,14,105851708,105856218,2.90e-02, NA,NA
ASD,ENSG00000211900.2,IGHJ6,14,105863198,105863258,3.68e-02, NA,NA
ASD,ENSG00000211904.2,IGHJ2,14,105865199,105865250,3.84e-02, NA,NA
ASD,ENSG00000211947.2,IGHV3-21,14,106235064,106235594,3.21e-02, NA,NA
ASD,ENSG00000211949.3,IGHV3-23,14,106268606,106269140,2.47e-02, NA,NA
ASD,ENSG00000211955.2,IGHV3-33,14,106359793,106360324,1.86e-02, NA,NA
ASD,ENSG00000211956.2,IGHV4-34,14,106373663,106374145,1.79e-02, NA,NA
ASD,ENSG00000211962.2,IGHV1-46,14,106511117,106511856,1.95e-02, NA,NA
ASD,ENSG00000211964.3,IGHV3-48,14,106537810,106538344,1.75e-02, NA,NA
ASD,ENSG00000211965.4,IGHV3-49,14,106556936,106557477,1.55e-02, NA,NA
ASD,ENSG00000211966.2,IGHV5-51,14,106578744,106579236,1.22e-02, NA,NA
ASD,ENSG00000211967.3,IGHV3-53,14,106592676,106593347,1.67e-02, NA,NA
ASD,ENSG00000213380.14,COG8,16,69320140,69339429,2.97e-02,3.08e-02,NA
ASD,ENSG00000213865.7,C8orf44,8,66667615,66685564, NA,2.13e-02,NA
ASD,ENSG00000213906.9,LTB4R2,14,24309125,24312053,4.60e-02, NA,NA
ASD,ENSG00000213920.8,MDP1,14,24213937,24216067,1.97e-02,2.57e-02,NA
ASD,ENSG00000213937.3,CLDN9,16,3012456,3014505, NA,3.96e-02,NA
ASD,ENSG00000214135.8,AC024560.3,3,197578213,197627906,2.47e-02,2.39e-02,NA
ASD,ENSG00000214194.8,LINC00998,7,113116718,113118613, NA,4.24e-02,NA
ASD,ENSG00000214456.8,PLIN5,19,4522531,4535224,4.98e-02, NA,NA
ASD,ENSG00000214736.7,TOMM6,6,41787662,41789895,3.51e-02,2.99e-02,NA
ASD,ENSG00000214765.8,SEPT7P2,7,45723780,45768985,2.45e-02,1.14e-02,NA
ASD,ENSG00000214941.7,ZSWIM7,17,15976560,15993830,1.03e-02,4.46e-03,NA
ASD,ENSG00000215067.9,ALOX12-AS1,17,6876635,7012349, NA,3.45e-02,NA
ASD,ENSG00000215908.10,CROCCP2,1,16618253,16657232, NA,3.30e-02,NA
ASD,ENSG00000216895.9,AC009403.2,7,155611231,155645205, NA,3.39e-02,NA
ASD,ENSG00000217555.12,CKLF,16,66552563,66566251,2.81e-02, NA,NA
ASD,ENSG00000217930.7,PAM16,16,4331549,4355607,4.99e-02, NA,NA
ASD,ENSG00000220008.3,LINGO3,19,2289784,2292024,2.59e-02, NA,NA
ASD,ENSG00000221817.9,PPP3CB-AS1,10,73495525,73520070,4.45e-02,2.44e-02,NA
ASD,ENSG00000224067.2,RP11-430K21.2,9,111802980,111803435, NA,4.92e-02,NA
ASD,ENSG00000224195.1,RP11-574K11.5,10,73814506,73814737,3.30e-02, NA,NA
ASD,ENSG00000224373.3,IGHV4-59,14,106627249,106627825,2.02e-02, NA,NA
ASD,ENSG00000224870.6,RP4-758J18.2,1,1399522,1401907,4.25e-02,3.25e-02,NA
ASD,ENSG00000225830.12,ERCC6,10,49455368,49539538,2.69e-02,1.53e-02,NA
ASD,ENSG00000225963.7,AC009950.2,2,230121370,230174223, NA,3.70e-02,NA
ASD,ENSG00000228242.6,AC093495.4,3,14144637,14165978, NA,4.39e-02,NA
ASD,ENSG00000228393.3,LINC01004,7,104950315,105013044, NA,1.36e-02,NA
ASD,ENSG00000230733.2,AC092171.4,7,5475804,5479811, NA,2.47e-02,NA
ASD,ENSG00000231113.2,RP3-475N16.1,6,42940364,42948360, NA,4.72e-02,NA
ASD,ENSG00000231856.2,RP11-327P2.5,13,51803838,51813346, NA,4.12e-02,NA
ASD,ENSG00000232815.1,DUX4L50,9,63817748,63818462,6.33e-03,1.10e-02,NA
ASD,ENSG00000232912.5,RP5-1115A15.1,1,8424645,8434838, NA,8.63e-03,NA
ASD,ENSG00000233369.7,GTF2IP4,7,73154938,73207283,3.06e-02, NA,NA
ASD,ENSG00000235106.9,LINC00094,9,134025439,134034666,3.01e-02, NA,NA
ASD,ENSG00000235568.6,NFAM1,22,42380410,42432395, NA,4.00e-03,NA
ASD,ENSG00000236609.3,ZNF853,7,6615617,6624290,1.59e-02,4.83e-02,NA
ASD,ENSG00000238113.6,LINC01410,9,62801461,62813486,1.92e-03,1.00e-02,NA
ASD,ENSG00000238227.7,C9orf69,9,136114581,136118863, NA,3.30e-02,NA
ASD,ENSG00000239305.6,RNF103,2,86603393,86623866, NA,1.59e-02,NA
ASD,ENSG00000239855.1,IGKV1-6,2,88966262,88966767, NA,2.00e-02,NA
ASD,ENSG00000239900.12,ADSL,22,40346500,40390463,3.95e-02,3.83e-02,NA
ASD,ENSG00000239951.1,IGKV3-20,2,89142574,89143160,1.03e-02,4.73e-02,NA
ASD,ENSG00000240041.1,IGHJ4,14,105864215,105864260,3.78e-02, NA,NA
ASD,ENSG00000240230.5,COX19,7,966075,975599,2.21e-02,1.55e-02,NA
ASD,ENSG00000240382.3,IGKV1-17,2,89117342,89117844,1.33e-02, NA,NA
ASD,ENSG00000240864.3,IGKV1-16,2,89099859,89100361,1.31e-02,2.15e-02,NA
ASD,ENSG00000241294.1,IGKV2-24,2,89176328,89177160,9.45e-03, NA,NA
ASD,ENSG00000241351.3,IGKV3-11,2,89027171,89027731,1.59e-02,2.04e-02,NA
ASD,ENSG00000241468.7,ATP5J2,7,99448475,99466331, NA,4.63e-02,NA
ASD,ENSG00000241755.1,IGKV1-9,2,89009982,89010515,2.95e-02, NA,NA
ASD,ENSG00000242076.2,IGKV1-33,2,89266494,89268506,9.45e-03, NA,NA
ASD,ENSG00000242371.1,IGKV1-39,2,89319625,89320146,1.03e-02, NA,NA
ASD,ENSG00000242472.1,IGHJ5,14,105863814,105863862,3.78e-02, NA,NA
ASD,ENSG00000242687.2,AC004893.11,7,99013244,99048240,2.47e-02,1.31e-02,NA
ASD,ENSG00000242802.6,AP5Z1,7,4775622,4791768,3.58e-02,3.03e-02,NA
ASD,ENSG00000242887.1,IGHJ3,14,105864587,105864635,4.41e-02, NA,NA
ASD,ENSG00000243238.1,IGKV2-30,2,89244781,89245596,9.45e-03,7.92e-03,NA
ASD,ENSG00000243290.3,IGKV1-12,2,89040224,89040745,1.60e-02,1.14e-02,NA
ASD,ENSG00000243466.1,IGKV1-5,2,88947301,88947957, NA,3.75e-02,NA
ASD,ENSG00000243725.6,TTC4,1,54715822,54742657,2.92e-02,3.36e-02,NA
ASD,ENSG00000244116.3,IGKV2-28,2,89221698,89222461,9.45e-03,1.89e-02,NA
ASD,ENSG00000244437.1,IGKV3-15,2,89085177,89085787,1.59e-02,3.01e-02,NA
ASD,ENSG00000244575.3,IGKV1-27,2,89213423,89213928,8.71e-03, NA,NA
ASD,ENSG00000245556.2,SCAMP1-AS1,5,78342365,78360507,4.33e-02,1.99e-02,NA
ASD,ENSG00000247077.6,PGAM5,12,132710819,132722734,2.48e-02,1.47e-02,NA
ASD,ENSG00000248019.2,FAM13A-AS1,4,88709789,88730103, NA,1.88e-02,NA
ASD,ENSG00000249863.2,RP11-177C12.1,4,37868292,37869978, NA,4.39e-02,NA
ASD,ENSG00000250138.4,RP11-848G14.5,5,69631963,69636399, NA,1.80e-02,NA
ASD,ENSG00000250506.7,CDK3,17,76000906,76005999, NA,4.96e-02,NA
ASD,ENSG00000254317.1,RP11-473O4.5,8,129832301,129844504,3.84e-02,1.59e-02,NA
ASD,ENSG00000254703.2,SENCR,11,128691672,128696023, NA,9.14e-03,NA
ASD,ENSG00000255062.1,RP11-712L6.5,11,126296968,126304318, NA,3.80e-02,NA
ASD,ENSG00000256235.1,SMIM3,5,150777946,150796734,1.86e-02, NA,NA
ASD,ENSG00000256525.6,POLG2,17,64477785,64497036,2.81e-02,3.51e-02,NA
ASD,ENSG00000257727.5,CNPY2,12,56309842,56316222,2.95e-02,2.20e-02,NA
ASD,ENSG00000258429.1,PDF,16,69328621,69330595,1.59e-02,1.30e-02,NA
ASD,ENSG00000258634.3,RP4-773N10.4,1,110058340,110062555, NA,1.85e-02,NA
ASD,ENSG00000259250.1,RP11-50C13.1,15,58587507,58587912,3.50e-02, NA,NA
ASD,ENSG00000259494.1,MRPL46,15,88459476,88467419, NA,3.80e-02,NA
ASD,ENSG00000259953.1,RP11-4O1.2,9,112032555,112037730,2.95e-02, NA,NA
ASD,ENSG00000259972.2,AC009120.6,16,74305127,74335346,1.63e-02,7.92e-03,NA
ASD,ENSG00000260219.2,RP11-347C12.10,16,30355441,30357101,4.60e-02, NA,NA
ASD,ENSG00000260766.1,RP11-226L15.5,1,160024953,160026794,3.23e-02, NA,NA
ASD,ENSG00000260804.3,LINC01963,2,216217045,216220192, NA,4.46e-03,NA
ASD,ENSG00000260942.1,CAPN10-AS1,2,240582700,240586699, NA,1.13e-02,NA
ASD,ENSG00000261371.5,PECAM1,17,64319415,64413776, NA,1.90e-02,NA
ASD,ENSG00000261485.1,PAN3-AS1,13,28136843,28138193, NA,3.30e-02,NA
ASD,ENSG00000261662.1,RP5-1042I8.7,1,119909255,119910613,2.75e-02, NA,NA
ASD,ENSG00000261799.1,RP11-283I3.6,12,273954,277123, NA,1.38e-02,NA
ASD,ENSG00000262089.1,RP11-589P10.5,17,6994642,6995189,3.95e-02, NA,NA
ASD,ENSG00000263528.7,IKBKE,1,206470495,206496889,2.14e-02,1.13e-02,NA
ASD,ENSG00000263647.1,BPTFP1,17,64761912,64762710,3.38e-02, NA,NA
ASD,ENSG00000264112.1,RP11-159D12.2,17,57989039,57994850, NA,1.54e-02,NA
ASD,ENSG00000265241.6,RBM8A,1,145921556,145927063, NA,4.96e-02,NA
ASD,ENSG00000265298.1,RP13-104F24.3,17,64750420,64751311,2.95e-02, NA,NA
ASD,ENSG00000266173.6,STRADA,17,63682336,63741986, NA,4.09e-02,NA
ASD,ENSG00000266389.1,CTB-41I6.1,17,8965896,8967070,4.10e-02, NA,NA
ASD,ENSG00000266820.1,KPNA2P3,17,64749918,64758603,1.89e-02, NA,NA
ASD,ENSG00000267002.2,RP11-242D8.1,17,43148368,43171037, NA,4.12e-02,NA
ASD,ENSG00000267317.2,CTB-25B13.12,19,1457670,1458580, NA,2.32e-02,NA
ASD,ENSG00000267523.1,CTD-2537I9.12,19,55661947,55662394,3.77e-02,2.07e-02,NA
ASD,ENSG00000269044.2,CTC-429P9.3,19,16633797,16635269, NA,4.12e-02,NA
ASD,ENSG00000269220.1,LINC00528,22,17777322,17779481, NA,3.53e-02,NA
ASD,ENSG00000270015.1,RP11-540B6.6,15,30926514,30928407,3.12e-02, NA,NA
ASD,ENSG00000270049.2,RP11-297D21.4,16,67481314,67505063, NA,2.00e-02,NA
ASD,ENSG00000270170.1,NCBP2-AS2,3,196942623,196943540,3.19e-02,2.78e-02,NA
ASD,ENSG00000270231.3,NBPF8,1,120436353,120467739,3.06e-02, NA,NA
ASD,ENSG00000270426.1,RP11-326I11.5,4,184471924,184472609, NA,3.58e-02,NA
ASD,ENSG00000271601.3,LIX1L,1,145933423,145958001, NA,4.59e-02,NA
ASD,ENSG00000272086.1,CTD-2186M15.3,5,32174471,32175272, NA,1.47e-02,NA
ASD,ENSG00000272325.1,NUDT3,6,34281322,34392674, NA,1.18e-02,NA
ASD,ENSG00000272655.2,POLR2J4,7,44013562,44019170, NA,4.08e-02,NA
ASD,ENSG00000272825.1,LL21NC02-1C16.2,21,44936303,44936954,3.84e-02, NA,NA
ASD,ENSG00000273344.1,PAXIP1-AS1,7,155003448,155005703,2.99e-02, NA,NA
ASD,ENSG00000274712.1,RP11-147L13.15,17,68205489,68207493,1.16e-02,1.55e-02,NA
ASD,ENSG00000274717.1,RP1-47A17.1,22,42791814,42794313, NA,1.56e-02,NA
ASD,ENSG00000275052.4,PPP4R3B,2,55547292,55618880, NA,2.52e-02,NA
ASD,ENSG00000275074.1,NUDT18,8,22106872,22109419,3.58e-02, NA,NA
ASD,ENSG00000276136.1,RP11-50I19.2,12,32000375,32001222,4.72e-02, NA,NA
ASD,ENSG00000276291.5,FRG1HP,9,40992249,41218410, NA,1.17e-03,NA
ASD,ENSG00000277791.4,PSMB3,17,38752736,38764231, NA,3.74e-02,NA
ASD,ENSG00000277978.1,RP11-403P17.6,16,66565620,66565885,2.90e-02, NA,NA
ASD,ENSG00000278730.1,RP11-147L13.11,17,68127330,68129586,3.52e-02,1.59e-02,NA
ASD,ENSG00000278784.1,RP11-468E2.11,14,24201612,24202811,1.75e-02,1.36e-02,NA
ASD,ENSG00000279369.1,RP11-51F16.1,17,63700847,63702670,2.14e-02,2.99e-02,NA
ASD,ENSG00000279722.1,RP11-44F14.6,16,53487607,53489943, NA,4.47e-02,NA
ASD,ENSG00000279789.1,CTD-2574D22.3,16,29913144,29915337, NA,3.96e-02,NA
ASD,ENSG00000280063.1,RP11-295D4.3,16,4346694,4348648,3.56e-02, NA,NA
ASD,ENSG00000280077.1,RP11-87H9.4,9,41012231,41014133, NA,4.12e-05,NA
ASD,ENSG00000280387.1,RP5-1153D9.5,20,56522252,56523499,4.73e-02, NA,NA
ASD,ENSG00000280789.1,PAGR1,16,29815952,29820117,3.77e-02, NA,NA
ASD,ENSG00000282939.1,TRBV7-2,7,142352819,142353358, NA,3.90e-02,NA
